track_name,element,album_name,lyric,line
Thread the Needle,Verse 1,One - EP,Bury me inside this,1
Thread the Needle,Verse 1,One - EP,Labyrinth bed,2
Thread the Needle,Verse 1,One - EP,We can feel that time is,3
Thread the Needle,Verse 1,One - EP,Dilated,4
Thread the Needle,Chorus,One - EP,We can spend the night in,5
Thread the Needle,Chorus,One - EP,Fascination,6
Thread the Needle,Chorus,One - EP,You can thread the needle,7
Thread the Needle,Chorus,One - EP,Time and time again,8
Thread the Needle,Post-Chorus,One - EP,You turn the lights down,9
Thread the Needle,Post-Chorus,One - EP,Come on and find out,10
Thread the Needle,Post-Chorus,One - EP,You turn the lights down,11
Thread the Needle,Post-Chorus,One - EP,Come on and find out,12
Thread the Needle,Verse 2,One - EP,Something to confide in,13
Thread the Needle,Verse 2,One - EP,Something to erase,14
Thread the Needle,Verse 2,One - EP,Just look at where we're lying,15
Thread the Needle,Verse 2,One - EP,An invisible space,16
Thread the Needle,Chorus,One - EP,We can spend the night in,17
Thread the Needle,Chorus,One - EP,Fascination,18
Thread the Needle,Chorus,One - EP,You can thread the needle,19
Thread the Needle,Chorus,One - EP,Time and time again,20
Thread the Needle,Post-Chorus,One - EP,You turn the lights down,21
Thread the Needle,Post-Chorus,One - EP,Come on and find out,22
Thread the Needle,Post-Chorus,One - EP,You turn the lights down,23
Thread the Needle,Post-Chorus,One - EP,Come on and find out,24
Fields of Elation,Verse 1,One - EP,"The daylight recedes in unison, this room",1
Fields of Elation,Verse 1,One - EP,"Buries the hours, like death in motion",2
Fields of Elation,Chorus,One - EP,Nobody else can pull me out,3
Fields of Elation,Chorus,One - EP,"The fields of elation, quiet and loamy",4
Fields of Elation,Verse 2,One - EP,"Your name is a sin I breathe, like oxygen",5
Fields of Elation,Verse 2,One - EP,Caught in the careless arms of lust again,6
Fields of Elation,Chorus,One - EP,Nobody else can pull me out,7
Fields of Elation,Chorus,One - EP,"The fields of elation, quiet and loamy",8
Fields of Elation,Chorus,One - EP,And nobody else can pull me out,9
Fields of Elation,Chorus,One - EP,"The fields of elation, quiet and loamy",10
Fields of Elation,Chorus,One - EP,And nobody else can pull me out,11
Fields of Elation,Chorus,One - EP,"The fields of elation, quiet and loamy",12
Fields of Elation,Outro,One - EP,I'm losing my faith in our lives apart,13
Fields of Elation,Outro,One - EP,I'm losing my faith in our lives apart,14
Fields of Elation,Outro,One - EP,I'm losing my faith in our lives apart,15
Fields of Elation,Outro,One - EP,I'm losing my faith in our lives apart,16
When the Bough Breaks,Verse 1,One - EP,You could stay alive,1
When the Bough Breaks,Verse 1,One - EP,Just tell me that you notice,2
When the Bough Breaks,Verse 1,One - EP,Even in the dark,3
When the Bough Breaks,Verse 1,One - EP,The way I left you breathing,4
When the Bough Breaks,Refrain,One - EP,Sometimes when we touch,5
When the Bough Breaks,Refrain,One - EP,Everything we love resets,6
When the Bough Breaks,Refrain,One - EP,It's only just enough,7
When the Bough Breaks,Refrain,One - EP,Even when we run with death,8
When the Bough Breaks,Verse 2,One - EP,We could be released,9
When the Bough Breaks,Verse 2,One - EP,Flowing over sorrow days,10
When the Bough Breaks,Verse 2,One - EP,We could stay suspended,11
When the Bough Breaks,Verse 2,One - EP,Even when the bough breaks,12
When the Bough Breaks,Refrain,One - EP,Sometimes when we touch,13
When the Bough Breaks,Refrain,One - EP,Everything we love resets,14
When the Bough Breaks,Refrain,One - EP,It's only just enough,15
When the Bough Breaks,Refrain,One - EP,Even when we run with death,16
When the Bough Breaks,Bridge,One - EP,Don't lie to me,17
When the Bough Breaks,Bridge,One - EP,Don't lie to me,18
When the Bough Breaks,Bridge,One - EP,Don't lie to me,19
When the Bough Breaks,Bridge,One - EP,Don't lie to me,20
When the Bough Breaks,Bridge,One - EP,Don't lie to me,21
When the Bough Breaks,Bridge,One - EP,Don't lie to me,22
When the Bough Breaks,Bridge,One - EP,Don't lie to me,23
When the Bough Breaks,Bridge,One - EP,Don't lie to me,24
When the Bough Breaks,Chorus,One - EP,Everything we touch turns water into blood,25
When the Bough Breaks,Chorus,One - EP,"(Don't lie to me, don't lie to me)",26
When the Bough Breaks,Chorus,One - EP,"You try to look away from, even when the bough breaks",27
When the Bough Breaks,Chorus,One - EP,"(Don't lie to me, don't lie to me)",28
When the Bough Breaks,Chorus,One - EP,"You don't really love, you just hate to be alone",29
When the Bough Breaks,Chorus,One - EP,"(Don't lie to me, don't lie to me)",30
When the Bough Breaks,Chorus,One - EP,You hate to be alone,31
When the Bough Breaks,Chorus,One - EP,(Don't lie to me),32
When the Bough Breaks,Chorus,One - EP,You hate to be alone,33
When the Bough Breaks,Chorus,One - EP,(Don't lie to me),34
When the Bough Breaks,Chorus,One - EP,Everything we touch turns water into blood,35
When the Bough Breaks,Chorus,One - EP,"(Don't lie to me, don't lie to me, don't lie to me)",36
When the Bough Breaks,Chorus,One - EP,"You try to look away from, even when the bough breaks",37
When the Bough Breaks,Chorus,One - EP,"(Don't lie to me, don't lie to me, don't lie to me)",38
When the Bough Breaks,Chorus,One - EP,"You don't really love, you just hate to be alone",39
When the Bough Breaks,Chorus,One - EP,"(Don't lie to me, don't lie to me, don't lie to me)",40
When the Bough Breaks,Chorus,One - EP,You hate to be alone,41
When the Bough Breaks,Chorus,One - EP,(Don't lie to me),42
When the Bough Breaks,Chorus,One - EP,You hate to be alone,43
When the Bough Breaks,Chorus,One - EP,Everything we touch turns water into blood,44
When the Bough Breaks,Chorus,One - EP,"You try to look away from, even when the bough breaks",45
When the Bough Breaks,Chorus,One - EP,"You don't really love, you just hate to be alone",46
When the Bough Breaks,Chorus,One - EP,You hate to be alone,47
When the Bough Breaks,Chorus,One - EP,You hate to be alone,48
When the Bough Breaks,Chorus,One - EP,Everything we touch turns water into blood,49
When the Bough Breaks,Chorus,One - EP,(Don't lie to me),50
When the Bough Breaks,Chorus,One - EP,"You try to look away from, even when the bough breaks",51
When the Bough Breaks,Chorus,One - EP,(Don't lie to me),52
When the Bough Breaks,Chorus,One - EP,"You don't really love, you just hate to be alone",53
When the Bough Breaks,Chorus,One - EP,(Don't lie to me),54
When the Bough Breaks,Chorus,One - EP,You hate to be alone,55
When the Bough Breaks,Chorus,One - EP,(Don't lie),56
When the Bough Breaks,Chorus,One - EP,You hate to be alone,57
Calcutta,Verse 1,Two - EP,"I am caught, tangled in",1
Calcutta,Verse 1,Two - EP,Wrapped and quartered,2
Calcutta,Verse 1,Two - EP,Tripping up and over,3
Calcutta,Verse 1,Two - EP,Time lived again,4
Calcutta,Verse 1,Two - EP,For just a moment,5
Calcutta,Verse 1,Two - EP,Missing pieces find me,6
Calcutta,Pre-Chorus,Two - EP,I sweat and I ache for,7
Calcutta,Pre-Chorus,Two - EP,Your eyes and the way you breathe,8
Calcutta,Chorus,Two - EP,"And I wake, saying your name",9
Calcutta,Chorus,Two - EP,"And I wake, saying your name",10
Calcutta,Verse 2,Two - EP,You are more than warm belief,11
Calcutta,Verse 2,Two - EP,Melting skywards,12
Calcutta,Verse 2,Two - EP,More than silence broken,13
Calcutta,Verse 2,Two - EP,I'm whole again,14
Calcutta,Verse 2,Two - EP,For just a moment,15
Calcutta,Verse 2,Two - EP,Till the morning comes,16
Calcutta,Chorus,Two - EP,"And I wake, saying your name",17
Calcutta,Chorus,Two - EP,"And I wake, saying your name",18
Calcutta,Bridge,Two - EP,"Oh, she said you'd better believe it",19
Calcutta,Bridge,Two - EP,I said you don't know,20
Calcutta,Bridge,Two - EP,"Oh, you said you'd better believe it",21
Calcutta,Bridge,Two - EP,I said you don't even know,22
Calcutta,Verse 3,Two - EP,Time lived again for just a moment,23
Calcutta,Verse 3,Two - EP,Missing pieces find me,24
Calcutta,Verse 3,Two - EP,And I'm whole again for just a moment,25
Calcutta,Verse 3,Two - EP,Missing pieces find me,26
Calcutta,Verse 3,Two - EP,Time lived again for just a moment,27
Calcutta,Verse 3,Two - EP,(I sweat and I ache for),28
Calcutta,Verse 3,Two - EP,Missing pieces find me,29
Calcutta,Verse 3,Two - EP,(I sweat and I ache for),30
Calcutta,Verse 3,Two - EP,"And I'm whole again, whole again",31
Calcutta,Verse 3,Two - EP,(I sweat and I ache for),32
Calcutta,Verse 3,Two - EP,Whole again,33
Calcutta,Verse 3,Two - EP,(I sweat and),34
Nazareth,Verse 1,Two - EP,And I'll see you when the wrath comes,1
Nazareth,Verse 1,Two - EP,Knocking on your bedroom door with money,2
Nazareth,Verse 1,Two - EP,Building you a kingdom,3
Nazareth,Verse 1,Two - EP,Drippin' from the open mouth,4
Nazareth,Verse 1,Two - EP,I'll show you what you look like from the inside,5
Nazareth,Verse 1,Two - EP,And I'll see you when the wrath comes around,6
Nazareth,Chorus,Two - EP,"Tonight, tonight, tonight",7
Nazareth,Chorus,Two - EP,You have the answer,8
Nazareth,Chorus,Two - EP,"Tonight, tonight, tonight",9
Nazareth,Chorus,Two - EP,You have the answer,10
Nazareth,Verse 2,Two - EP,Let's load the gun,11
Nazareth,Verse 2,Two - EP,Make her eat the tape in the bathroom mirror,12
Nazareth,Verse 2,Two - EP,See if she can guess what,13
Nazareth,Verse 2,Two - EP,A hollow point does to a naked body,14
Nazareth,Verse 2,Two - EP,Let's fuck her up,15
Nazareth,Verse 2,Two - EP,Manifest pain at the core of pleasure,16
Nazareth,Verse 2,Two - EP,I'll see you when the wrath comes around,17
Nazareth,Chorus,Two - EP,"Tonight, tonight, tonight",18
Nazareth,Chorus,Two - EP,You have the answer,19
Nazareth,Chorus,Two - EP,"Tonight, tonight, tonight",20
Nazareth,Chorus,Two - EP,You have the answer,21
Nazareth,Bridge,Two - EP,Let's load the gun,22
Nazareth,Bridge,Two - EP,"(They won't be missing you, they won't be missing you)",23
Nazareth,Bridge,Two - EP,Let's load the gun,24
Nazareth,Bridge,Two - EP,"(They won't be missing you, they won't be missing you)",25
Nazareth,Bridge,Two - EP,Let's load the gun,26
Nazareth,Bridge,Two - EP,"(They won't be missing you, they won't be missing you)",27
Nazareth,Bridge,Two - EP,Let's load the gun,28
Nazareth,Bridge,Two - EP,"(See you when the wrath comes, see you when the wrath comes)",29
Nazareth,Bridge,Two - EP,"(They won't be missing you, they won't be missing you)",30
Nazareth,Bridge,Two - EP,Let's load the gun,31
Nazareth,Bridge,Two - EP,(See you when the wrath comes),32
Jericho,Verse 1,Two - EP,"Tread, ancient water salt",1
Jericho,Verse 1,Two - EP,Like I,2
Jericho,Verse 1,Two - EP,"Sink, down like precious stones (Oh)",3
Jericho,Refrain,Two - EP,"Until I wake I, dine on old encounters",4
Jericho,Refrain,Two - EP,Until,5
Jericho,Chorus,Two - EP,You taste like new flesh,6
Jericho,Chorus,Two - EP,You taste like new flesh,7
Jericho,Chorus,Two - EP,You taste like new flesh,8
Jericho,Chorus,Two - EP,Say my name again,9
Jericho,Verse 2,Two - EP,"Fold, secrets in the sweat",10
Jericho,Verse 2,Two - EP,Like I,11
Jericho,Verse 2,Two - EP,"Swallow, years beneath this bed (Oh)",12
Jericho,Refrain,Two - EP,"Until I wake I, dine on old encounters",13
Jericho,Refrain,Two - EP,Until (Oh-oh),14
Jericho,Pre-Chorus,Two - EP,There's something in the way you lay,15
Jericho,Pre-Chorus,Two - EP,Enough to make the dead switch graves,16
Jericho,Pre-Chorus,Two - EP,You take your leave,17
Jericho,Chorus,Two - EP,You taste like new flesh,18
Jericho,Chorus,Two - EP,You taste like new flesh,19
Jericho,Chorus,Two - EP,You taste like new flesh,20
Jericho,Chorus,Two - EP,Say my name again,21
Jericho,Chorus,Two - EP,Say my name again,22
Jericho,Bridge,Two - EP,My hands are not worthy,23
Jericho,Bridge,Two - EP,My hands are not worthy,24
Jericho,Bridge,Two - EP,"(Till I wake I, dine on old encounters)",25
Jericho,Bridge,Two - EP,My hands are not worthy,26
Jericho,Bridge,Two - EP,"(Till I wake I, dine on old encounters)",27
Jericho,Bridge,Two - EP,My hands are not worthy,28
Jericho,Bridge,Two - EP,"(Till I wake I, dine on old encounters)",29
Jericho,Bridge,Two - EP,My hands are not worthy,30
Jericho,Bridge,Two - EP,"(Till I wake I, till I wake I)",31
Jericho,Outro,Two - EP,"Till I wake I, dine on old encounters",32
Jericho,Outro,Two - EP,"Till I wake I, dine on old encounters",33
Jericho,Outro,Two - EP,"Till I wake I, dine on old encounters",34
Jericho,Outro,Two - EP,"Till I wake I, till I wake I",35
The Night Does Not Belong to God,Verse 1,Sundowning,When you live,1
The Night Does Not Belong to God,Verse 1,Sundowning,By daylight,2
The Night Does Not Belong to God,Verse 1,Sundowning,With angels,3
The Night Does Not Belong to God,Verse 1,Sundowning,At your side,4
The Night Does Not Belong to God,Verse 1,Sundowning,In order now,5
The Night Does Not Belong to God,Verse 1,Sundowning,Bestowed by,6
The Night Does Not Belong to God,Verse 1,Sundowning,The light of,7
The Night Does Not Belong to God,Verse 1,Sundowning,The sunrise,8
The Night Does Not Belong to God,Pre-Chorus,Sundowning,And you remember everything,9
The Night Does Not Belong to God,Pre-Chorus,Sundowning,Only till the sun recedes once again,10
The Night Does Not Belong to God,Chorus,Sundowning,And the night comes down like heaven,11
The Night Does Not Belong to God,Chorus,Sundowning,The night comes down like heaven,12
The Night Does Not Belong to God,Chorus,Sundowning,The night comes down like heaven,13
The Night Does Not Belong to God,Chorus,Sundowning,The night comes down like heaven,14
The Night Does Not Belong to God,Chorus,Sundowning,The night comes down like heaven,15
The Night Does Not Belong to God,Chorus,Sundowning,The night comes down like heaven,16
The Night Does Not Belong to God,Chorus,Sundowning,The night comes down like heaven,17
The Night Does Not Belong to God,Chorus,Sundowning,The night comes down like heaven,18
The Night Does Not Belong to God,Verse 2,Sundowning,The whites of your eyes,19
The Night Does Not Belong to God,Verse 2,Sundowning,Turn black in the lowlight,20
The Night Does Not Belong to God,Verse 2,Sundowning,In turning divine,21
The Night Does Not Belong to God,Verse 2,Sundowning,We tangle endlessly,22
The Night Does Not Belong to God,Verse 2,Sundowning,Like lovers entwined,23
The Night Does Not Belong to God,Verse 2,Sundowning,I know for the last time,24
The Night Does Not Belong to God,Verse 2,Sundowning,You will not be mine,25
The Night Does Not Belong to God,Verse 2,Sundowning,"So give me the night, the night, the night",26
The Night Does Not Belong to God,Chorus,Sundowning,The night comes down like heaven,27
The Night Does Not Belong to God,Chorus,Sundowning,The night comes down like heaven,28
The Night Does Not Belong to God,Chorus,Sundowning,The night comes down like heaven,29
The Night Does Not Belong to God,Chorus,Sundowning,The night comes down like heaven,30
The Night Does Not Belong to God,Chorus,Sundowning,The night comes down like heaven,31
The Night Does Not Belong to God,Chorus,Sundowning,(The whites of your eyes),32
The Night Does Not Belong to God,Chorus,Sundowning,The night comes down like heaven,33
The Night Does Not Belong to God,Chorus,Sundowning,(Turn black in the lowlight),34
The Night Does Not Belong to God,Chorus,Sundowning,The night comes down like heaven,35
The Night Does Not Belong to God,Chorus,Sundowning,(In turning divine),36
The Night Does Not Belong to God,Chorus,Sundowning,The night comes down like heaven,37
The Night Does Not Belong to God,Chorus,Sundowning,(We tangle endlessly),38
The Offering,Verse 1,Sundowning,"And you are a garden, entwined with all",1
The Offering,Verse 1,Sundowning,You are the silence on sacred shores,2
The Offering,Verse 1,Sundowning,"You've got diamonds for teeth, my love",3
The Offering,Verse 1,Sundowning,"So take a bite of me, just once, I want to",4
The Offering,Verse 1,Sundowning,Turn the page once again (Oh),5
The Offering,Verse 1,Sundowning,Take a bite,6
The Offering,Verse 2,Sundowning,"This is a given, an offering",7
The Offering,Verse 2,Sundowning,"In your favour, a sacrifice in your name",8
The Offering,Verse 2,Sundowning,But I know you've got a taste,9
The Offering,Verse 2,Sundowning,So just take a bite of me,10
The Offering,Verse 2,Sundowning,Turn the page once again (Oh),11
The Offering,Verse 2,Sundowning,Give up the game and let me in (Oh),12
The Offering,Verse 2,Sundowning,"My arms belong around you (Oh, oh)",13
The Offering,Verse 2,Sundowning,"So take a bite, I want to know (Oh)",14
The Offering,Verse 2,Sundowning,(I want to),15
The Offering,Outro,Sundowning,(Take a bite),16
The Offering,Outro,Sundowning,Take a bite,17
Levitate,Verse 1,Sundowning,I can lift you up,1
Levitate,Verse 1,Sundowning,Your  body is mostly blood,2
Levitate,Verse 1,Sundowning,"Like  water, a perfect flood",3
Levitate,Verse 1,Sundowning,Engulfing me again (Oh),4
Levitate,Verse 1,Sundowning,And I can tell you won't,5
Levitate,Verse 1,Sundowning,Remember  my cracking bones,6
Levitate,Verse 1,Sundowning,The  trauma we can't regrow,7
Levitate,Verse 1,Sundowning,"Just as you leave again, no",8
Levitate,Chorus,Sundowning,Will  you levitate,9
Levitate,Chorus,Sundowning,Up where the angels inhabit?,10
Levitate,Chorus,Sundowning,Will you levitate,11
Levitate,Chorus,Sundowning,Where I won't reach you?,12
Levitate,Verse 2,Sundowning,And  we imitate,13
Levitate,Verse 2,Sundowning,A story of perfect days,14
Levitate,Verse 2,Sundowning,A ballad we fabricate,15
Levitate,Verse 2,Sundowning,As you forget your words again (Oh),16
Levitate,Verse 2,Sundowning,And is that all you need,17
Levitate,Verse 2,Sundowning,To merely pretend to be,18
Levitate,Verse 2,Sundowning,Falling in love with me?,19
Levitate,Verse 2,Sundowning,Forgetting the agony again (Oh),20
Levitate,Chorus,Sundowning,Will you levitate,21
Levitate,Chorus,Sundowning,Up where the angels inhabit?,22
Levitate,Chorus,Sundowning,Will you levitate,23
Levitate,Chorus,Sundowning,Where I won't reach you?,24
Levitate,Chorus,Sundowning,Will you levitate,25
Levitate,Chorus,Sundowning,Up where my love doesn't matter?,26
Levitate,Chorus,Sundowning,Will you levitate,27
Levitate,Chorus,Sundowning,Where I won't reach you?,28
Levitate,Outro,Sundowning,Will you levitate?,29
Levitate,Outro,Sundowning,Will you levitate?,30
Levitate,Outro,Sundowning,Will you levitate?,31
Dark Signs,Verse 1,Sundowning,"Where I was raised, there was no streetlights",1
Dark Signs,Verse 1,Sundowning,Just pitch black and passing headlights,2
Dark Signs,Verse 1,Sundowning,And where we met‚ there must have been dark signs,3
Dark Signs,Verse 1,Sundowning,Omens in your skies,4
Dark Signs,Pre-Chorus,Sundowning,Most days‚ you reach for safety,5
Dark Signs,Pre-Chorus,Sundowning,Remain calm‚ forget that you know me,6
Dark Signs,Pre-Chorus,Sundowning,"And when we met, I could see dark signs",7
Dark Signs,Pre-Chorus,Sundowning,Alarm bells in your eyes,8
Dark Signs,Chorus,Sundowning,And I miss the man I was,9
Dark Signs,Chorus,Sundowning,(I won't break and bend to my basic need to be loved and close to somebody),10
Dark Signs,Chorus,Sundowning,The moment we left off,11
Dark Signs,Chorus,Sundowning,(I won't break and bend to my basic need to be loved and close to somebody),12
Dark Signs,Chorus,Sundowning,And I hate who I have become,13
Dark Signs,Chorus,Sundowning,(I won't break and bend to my basic need to be loved and close to somebody),14
Dark Signs,Chorus,Sundowning,Every time I wake up,15
Dark Signs,Chorus,Sundowning,(I won't break and bend to my basic need to be loved and close to somebody),16
Dark Signs,Verse 2,Sundowning,And if you saw the marks on my dashboard,17
Dark Signs,Verse 2,Sundowning,The new scars that I didn't ask for,18
Dark Signs,Verse 2,Sundowning,And would you call asking for answers?,19
Dark Signs,Verse 2,Sundowning,Tear my arms off,20
Dark Signs,Pre-Chorus,Sundowning,"And most days, you reach for safety",21
Dark Signs,Pre-Chorus,Sundowning,Remain calm‚ forget that you know me (Oh-oh),22
Dark Signs,Pre-Chorus,Sundowning,"When we met, I could see dark signs",23
Dark Signs,Pre-Chorus,Sundowning,Alarm bells in your eyes,24
Dark Signs,Chorus,Sundowning,And I miss the man I was,25
Dark Signs,Chorus,Sundowning,(I won't break and bend to my basic need to be loved and close to somebody),26
Dark Signs,Chorus,Sundowning,The moment we left off,27
Dark Signs,Chorus,Sundowning,(I won't break and bend to my basic need to be loved and close to somebody),28
Dark Signs,Chorus,Sundowning,And I hate who I have become,29
Dark Signs,Chorus,Sundowning,(I won't break and bend to my basic need to be loved and close to somebody),30
Dark Signs,Chorus,Sundowning,Every time I wake up,31
Dark Signs,Chorus,Sundowning,(I won't break and bend to my basic need to be loved and close to somebody),32
Dark Signs,Chorus,Sundowning,And I miss the man I was,33
Dark Signs,Chorus,Sundowning,The moment we left off,34
Dark Signs,Chorus,Sundowning,And I hate who I have become,35
Dark Signs,Chorus,Sundowning,Every time I wake up,36
Dark Signs,Outro,Sundowning,I won't break and bend to my basic need to be loved and close to somebody,37
Dark Signs,Outro,Sundowning,"When we met, I could see dark signs (Oh)",38
Dark Signs,Outro,Sundowning,(I won't break and bend to my basic need to be loved and close to somebody),39
Dark Signs,Outro,Sundowning,When we met‚ I could see dark signs (Oh),40
Dark Signs,Outro,Sundowning,(I won't break and bend to my basic need to be loved and close to somebody),41
Dark Signs,Outro,Sundowning,"When we met, I could see dark signs (Oh)",42
Dark Signs,Outro,Sundowning,(I won't break and bend to my basic need to be loved and close to somebody),43
Dark Signs,Outro,Sundowning,"When we met, I could see dark signs (Oh, no)",44
Dark Signs,Outro,Sundowning,(I won't break and bend to my basic need to be loved and close to somebody),45
Dark Signs,Outro,Sundowning,"When we met, I could see dark signs, no",46
Dark Signs,Outro,Sundowning,(I won't break and bend to my basic need to be loved and close to somebody),47
Dark Signs,Outro,Sundowning,When we met,48
Higher,Verse 1,Sundowning,You say you won't begin again,1
Higher,Verse 1,Sundowning,Capitulate and let me in,2
Higher,Verse 1,Sundowning,'Cause I am a fire and you are dry as bone,3
Higher,Verse 1,Sundowning,You are taking your time,4
Higher,Verse 1,Sundowning,You are killing me slow,5
Higher,Verse 1,Sundowning,And I know we instigate,6
Higher,Verse 1,Sundowning,Go back and forth,7
Higher,Verse 1,Sundowning,Lacerate,8
Higher,Verse 1,Sundowning,'Cause you can remember only when you're alone,9
Higher,Verse 1,Sundowning,I am granting you more than the debt that I owe,10
Higher,Chorus,Sundowning,'Cause I look for scarlet and you look for ultraviolet,11
Higher,Chorus,Sundowning,And we are exhausted by all this pretending,12
Higher,Chorus,Sundowning,We just can't resist the violence,13
Higher,Chorus,Sundowning,"And you need a melody, I only need the silence",14
Higher,Chorus,Sundowning,But each time we battle,15
Higher,Chorus,Sundowning,The blood and the fury takes us a little higher,16
Higher,Verse 2,Sundowning,With all that you believe,17
Higher,Verse 2,Sundowning,You still refuse to shelter me,18
Higher,Verse 2,Sundowning,'Cause I am a danger,19
Higher,Verse 2,Sundowning,And you're a long way from home,20
Higher,Verse 2,Sundowning,"You are one among many, but you're now on your own",21
Higher,Verse 2,Sundowning,And I hate the way you look,22
Higher,Verse 2,Sundowning,At me when I am not understood,23
Higher,Verse 2,Sundowning,'Cause you can remember only when you're alone,24
Higher,Verse 2,Sundowning,I am granting you more than the debt that I owe,25
Higher,Bridge,Sundowning,You won't begin again,26
Higher,Bridge,Sundowning,You won't begin again,27
Higher,Bridge,Sundowning,You won't begin again,28
Higher,Bridge,Sundowning,You won't begin again,29
Higher,Chorus,Sundowning,'Cause I look for scarlet and you look for ultraviolet,30
Higher,Chorus,Sundowning,And we are exhausted by all this pretending,31
Higher,Chorus,Sundowning,We just can't resist the violence,32
Higher,Chorus,Sundowning,"And you need a melody, I only need the silence",33
Higher,Chorus,Sundowning,But each time we battle,34
Higher,Chorus,Sundowning,The blood and the fury takes us a little higher,35
Higher,Build,Sundowning,The debt that I owe,36
Higher,Build,Sundowning,The debt that I owe,37
Higher,Build,Sundowning,The debt that I owe,38
Higher,Build,Sundowning,The debt that I owe,39
Higher,Build,Sundowning,The debt that I owe,40
Higher,Build,Sundowning,The debt that I owe,41
Higher,Breakdown,Sundowning,The debt that I owe,42
Take Aim,Verse 1,Sundowning,"Wait, won't you wait for me?",1
Take Aim,Verse 1,Sundowning,Don't you bathe in rivers?,2
Take Aim,Verse 1,Sundowning,Don't you feel alive?,3
Take Aim,Verse 1,Sundowning,And when I see you waking up,4
Take Aim,Verse 1,Sundowning,And it sends me shivers,5
Take Aim,Verse 1,Sundowning,How you love like weapons kill,6
Take Aim,Chorus,Sundowning,So take aim,7
Take Aim,Chorus,Sundowning,At me for once,8
Take Aim,Chorus,Sundowning,Just take aim,9
Take Aim,Chorus,Sundowning,Break me apart,10
Take Aim,Verse 2,Sundowning,"Call, won't you call out my name?",11
Take Aim,Verse 2,Sundowning,Like a curse on this world?,12
Take Aim,Verse 2,Sundowning,Like a battle cry?,13
Take Aim,Verse 2,Sundowning,And you make me hate myself,14
Take Aim,Verse 2,Sundowning,Make me tear my body,15
Take Aim,Verse 2,Sundowning,Make me yearn for your embrace,16
Take Aim,Chorus,Sundowning,So take aim,17
Take Aim,Chorus,Sundowning,At me for once,18
Take Aim,Chorus,Sundowning,Just take aim,19
Take Aim,Chorus,Sundowning,"Break me apart, love",20
Take Aim,Chorus,Sundowning,Won't you?,21
Take Aim,Outro,Sundowning,And you know I'll be yours,22
Take Aim,Outro,Sundowning,When the moment is perfect,23
Take Aim,Outro,Sundowning,I will fire and forget till we both lay broken,24
Take Aim,Outro,Sundowning,And you know I'll be yours,25
Take Aim,Outro,Sundowning,Just want to be worth it,26
Take Aim,Outro,Sundowning,I will run like the wind till you follow me again,27
Give,Verse 1,Sundowning,You take the dark and carve me out a home,1
Give,Verse 1,Sundowning,I picture you when you are all alone,2
Give,Verse 1,Sundowning,I know how we got here,3
Give,Verse 1,Sundowning,I know how we got here,4
Give,Verse 1,Sundowning,"I am the shadow, you're a passenger",5
Give,Verse 1,Sundowning,I am the intake of breath so sharp and I know you better,6
Give,Verse 1,Sundowning,Just wanna know you better,7
Give,Chorus,Sundowning,If you wanna give,8
Give,Chorus,Sundowning,Then give me all that you can give,9
Give,Chorus,Sundowning,All your darkest impulses,10
Give,Chorus,Sundowning,"And if you wanna give me anything, then give",11
Give,Chorus,Sundowning,Give in again,12
Give,Verse 2,Sundowning,I'll tear the fibre from the filament,13
Give,Verse 2,Sundowning,I'll be the limit of your light again,14
Give,Verse 2,Sundowning,I wanna taste you better,15
Give,Verse 2,Sundowning,I wanna taste you better,16
Give,Verse 2,Sundowning,I will be watching for your enemies,17
Give,Verse 2,Sundowning,To let them know that they contend with me,18
Give,Verse 2,Sundowning,I wanna know you're out there,19
Give,Verse 2,Sundowning,I wanna know you're out there,20
Give,Chorus,Sundowning,If you wanna give,21
Give,Chorus,Sundowning,Then give me all that you can give,22
Give,Chorus,Sundowning,All your darkest impulses and,23
Give,Chorus,Sundowning,If you wanna give me anything,24
Give,Chorus,Sundowning,"Then give, give in again",25
Give,Chorus,Sundowning,I just wanna give,26
Give,Chorus,Sundowning,Wanna give you all that I can give,27
Give,Chorus,Sundowning,All my darkest impulses,28
Give,Chorus,Sundowning,"And if you wanna give me anything, then give",29
Give,Chorus,Sundowning,Give in again,30
Give,Bridge,Sundowning,In this open warfare,31
Give,Bridge,Sundowning,I won't fight fair,32
Give,Bridge,Sundowning,"No, I won't fight fair",33
Give,Bridge,Sundowning,And in your waking moments,34
Give,Bridge,Sundowning,I will be there,35
Give,Bridge,Sundowning,I will be there,36
Give,Chorus,Sundowning,If you wanna give,37
Give,Chorus,Sundowning,Then give me all that you can give,38
Give,Chorus,Sundowning,All your darkest impulses,39
Give,Chorus,Sundowning,"And if you wanna give me anything, then give",40
Give,Chorus,Sundowning,Give in again,41
Give,Chorus,Sundowning,I just wanna give,42
Give,Chorus,Sundowning,Wanna give you all that I can give,43
Give,Chorus,Sundowning,All my darkest impulses,44
Give,Chorus,Sundowning,"And if you wanna give me anything, then give",45
Give,Chorus,Sundowning,Give in again,46
Gods,Verse 1,Sundowning,I see the gods avert their gaze from me,1
Gods,Verse 1,Sundowning,My fucking form is but a wreck beneath them,2
Gods,Verse 1,Sundowning,And they're always people I can call on,3
Gods,Verse 1,Sundowning,It's all so easy for me,4
Gods,Chorus,Sundowning,No more taking chances,5
Gods,Chorus,Sundowning,No more teeth to bite with,6
Gods,Chorus,Sundowning,No more smiling faces,7
Gods,Chorus,Sundowning,I am alone again,8
Gods,Verse 2,Sundowning,You wanna talk?,9
Gods,Verse 2,Sundowning,You wanna talk it out?,10
Gods,Verse 2,Sundowning,'Cause the joke's on me and I'm laughing too,11
Gods,Verse 2,Sundowning,You wanna watch me bleed?,12
Gods,Verse 2,Sundowning,'Cause I bleed so well,13
Gods,Verse 2,Sundowning,It's all so easy for me,14
Gods,Bridge,Sundowning,"(Eternally, eternally)",15
Gods,Bridge,Sundowning,Do you like the way it feels?,16
Gods,Bridge,Sundowning,Like fire from the heavens,17
Gods,Bridge,Sundowning,Carving past the surface into you,18
Gods,Bridge,Sundowning,And do you like the way it feels?,19
Gods,Bridge,Sundowning,Like fire from the heavens,20
Gods,Bridge,Sundowning,Tearing me asunder beside you,21
Gods,Breakdown,Sundowning,It's all so easy for me,22
Gods,Breakdown,Sundowning,It's all so easy for me,23
Sugar,Verse 1,Sundowning,And you play a twisted little game,1
Sugar,Verse 1,Sundowning,But I know in a way,2
Sugar,Verse 1,Sundowning,You need to complicate,3
Sugar,Verse 1,Sundowning,Believe that though we never eat,4
Sugar,Verse 1,Sundowning,We still know how to feed,5
Sugar,Verse 1,Sundowning,We still know how to bleed (Oh),6
Sugar,Chorus,Sundowning,"Sugar, I've developed a taste for you now",7
Sugar,Chorus,Sundowning,"Sugar, I've developed a taste for you now",8
Sugar,Chorus,Sundowning,"Sugar, I've developed a taste for you now",9
Sugar,Chorus,Sundowning,"Sugar, I've developed a taste for you now",10
Sugar,Verse 2,Sundowning,My arms keep you in the room,11
Sugar,Verse 2,Sundowning,Barely let you move,12
Sugar,Verse 2,Sundowning,Show me what you do (Oh),13
Sugar,Verse 2,Sundowning,"Tonight, we're second-guessed again",14
Sugar,Verse 2,Sundowning,Let me wrap the chains,15
Sugar,Verse 2,Sundowning,Addicted to the pain,16
Sugar,Chorus,Sundowning,"Sugar, I've developed a taste for you now",17
Sugar,Chorus,Sundowning,"Sugar, I've developed a taste for you now",18
Sugar,Chorus,Sundowning,"Sugar, I've developed a taste for you now",19
Sugar,Chorus,Sundowning,"Sugar, I've developed a taste for you now",20
Sugar,Bridge,Sundowning,Do you wanna see how far it goes?,21
Sugar,Bridge,Sundowning,"Do you wanna test me now, my love?",22
Sugar,Bridge,Sundowning,You must be crazy if you think that I will give in so easily,23
Sugar,Bridge,Sundowning,Things we buried low,24
Sugar,Bridge,Sundowning,"Comin' to the surface now, my love",25
Sugar,Bridge,Sundowning,You must be crazy if you think that I will give up the game,26
Sugar,Chorus,Sundowning,"(Oh, whoa)",27
Sugar,Chorus,Sundowning,"Sugar, I've got a taste for you now",28
Sugar,Chorus,Sundowning,"Sugar, I've got a taste for you now",29
Sugar,Chorus,Sundowning,"Sugar, I've got a taste for you now",30
Sugar,Chorus,Sundowning,"Sugar, I've got a taste for you now",31
Sugar,Chorus,Sundowning,"Sugar, I've developed a taste for you now",32
Sugar,Chorus,Sundowning,(Do you wanna see how far it goes?),33
Sugar,Chorus,Sundowning,"Sugar, I've developed a taste for you now",34
Sugar,Chorus,Sundowning,"(Do you wanna test me now, my love?)",35
Sugar,Chorus,Sundowning,"Sugar, I've developed a taste for you now",36
Sugar,Chorus,Sundowning,(You must be crazy if you think that I will give in so easily),37
Sugar,Chorus,Sundowning,"Sugar, I've developed a taste for you now",38
Sugar,Chorus,Sundowning,"(Things we buried low, comin' to the surface now, my love)",39
Sugar,Chorus,Sundowning,(You must be crazy if you think that I will give up the game),40
Say That You Will,Verse 1,Sundowning,"Is that a word you said, my love",1
Say That You Will,Verse 1,Sundowning,Or just a gesture in tongues?,2
Say That You Will,Verse 1,Sundowning,"Well, I live to guess your sorrow",3
Say That You Will,Verse 1,Sundowning,And you live to empty my lungs,4
Say That You Will,Pre-Chorus,Sundowning,And you've got me up in a frenzy again,5
Say That You Will,Pre-Chorus,Sundowning,And I know you're planning to leave in the end,6
Say That You Will,Chorus,Sundowning,Won't you say that you will?,7
Say That You Will,Chorus,Sundowning,Let the impulse to love,8
Say That You Will,Chorus,Sundowning,And the instinct to kill,9
Say That You Will,Chorus,Sundowning,Entangle to one,10
Say That You Will,Chorus,Sundowning,"In this light, you are mine",11
Say That You Will,Chorus,Sundowning,Till the sweat turns to blood,12
Say That You Will,Chorus,Sundowning,Won't you say that you will,13
Say That You Will,Chorus,Sundowning,Even if you won't?,14
Say That You Will,Verse 2,Sundowning,"Oh, is that a glint in your eye?",15
Say That You Will,Verse 2,Sundowning,Is that a blade in your palm?,16
Say That You Will,Verse 2,Sundowning,"Well, I am yours tonight",17
Say That You Will,Verse 2,Sundowning,So will you lay in my arms?,18
Say That You Will,Pre-Chorus,Sundowning,You've got me up in a frenzy again,19
Say That You Will,Pre-Chorus,Sundowning,I know you're planning to leave in the end,20
Say That You Will,Chorus,Sundowning,Won't you say that you will?,21
Say That You Will,Chorus,Sundowning,Let the impulse to love,22
Say That You Will,Chorus,Sundowning,And the instinct to kill,23
Say That You Will,Chorus,Sundowning,Entangle to one,24
Say That You Will,Chorus,Sundowning,"In this light, you are mine",25
Say That You Will,Chorus,Sundowning,Till the sweat turns to blood,26
Say That You Will,Chorus,Sundowning,Won't you say that you will,27
Say That You Will,Chorus,Sundowning,Even if you won't?,28
Say That You Will,Chorus,Sundowning,Won't you say that you will?,29
Say That You Will,Chorus,Sundowning,Let the impulse to love,30
Say That You Will,Chorus,Sundowning,And the instinct to kill,31
Say That You Will,Chorus,Sundowning,Entangle to one,32
Say That You Will,Chorus,Sundowning,"In this light, you are mine",33
Say That You Will,Chorus,Sundowning,Till the sweat turns to blood,34
Say That You Will,Chorus,Sundowning,Won't you say that you will,35
Say That You Will,Chorus,Sundowning,Even if you won't?,36
Say That You Will,Outro,Sundowning,You've got me up in a frenzy again,37
Say That You Will,Outro,Sundowning,You've got me up in a frenzy again,38
Say That You Will,Outro,Sundowning,You've got me up in a frenzy again,39
Say That You Will,Outro,Sundowning,You've got me up in a frenzy again,40
Say That You Will,Outro,Sundowning,You've got me up in a frenzy again,41
Say That You Will,Outro,Sundowning,You've got me up in a frenzy again,42
Drag Me Under,Verse 1,Sundowning,And I know,1
Drag Me Under,Verse 1,Sundowning,The angels tonight are,2
Drag Me Under,Verse 1,Sundowning,As lost for words,3
Drag Me Under,Verse 1,Sundowning,As I am,4
Drag Me Under,Verse 1,Sundowning,To merely,5
Drag Me Under,Verse 1,Sundowning,Behold you,6
Drag Me Under,Verse 1,Sundowning,As we lie down together,7
Drag Me Under,Chorus,Sundowning,Drag me under again,8
Drag Me Under,Chorus,Sundowning,Deep into your love (Oh),9
Drag Me Under,Verse 2,Sundowning,And I know,10
Drag Me Under,Verse 2,Sundowning,The Gods will,11
Drag Me Under,Verse 2,Sundowning,Abandon the heavens just to find us,12
Drag Me Under,Verse 2,Sundowning,To merely,13
Drag Me Under,Verse 2,Sundowning,Behold you,14
Drag Me Under,Verse 2,Sundowning,As we lie down together,15
Drag Me Under,Chorus,Sundowning,Drag me under again,16
Drag Me Under,Chorus,Sundowning,Deep into your love (Oh),17
Drag Me Under,Verse 3,Sundowning,Hold me beneath the surface,18
Drag Me Under,Verse 3,Sundowning,(And I know the angels tonight are lost for words),19
Drag Me Under,Verse 3,Sundowning,Deep into your love,20
Drag Me Under,Verse 3,Sundowning,(As I am to merely behold you as we lie down together),21
Blood Sport,Verse 1,Sundowning,I wanna roll the numbers,1
Blood Sport,Verse 1,Sundowning,I wanna feel my stars align again,2
Blood Sport,Verse 1,Sundowning,Even if the earth breaks like burnt skin,3
Blood Sport,Verse 1,Sundowning,And the heavens just won't open up for me,4
Blood Sport,Verse 1,Sundowning,Would you invite me in again?,5
Blood Sport,Verse 1,Sundowning,Won't you pay for your arrogance?,6
Blood Sport,Verse 1,Sundowning,Won't you show me your weakness?,7
Blood Sport,Chorus,Sundowning,I made loving you a blood sport,8
Blood Sport,Chorus,Sundowning,I made loving you a blood sport,9
Blood Sport,Chorus,Sundowning,I made loving you a blood sport,10
Blood Sport,Chorus,Sundowning,I can't win,11
Blood Sport,Chorus,Sundowning,I made loving you a blood sport,12
Blood Sport,Chorus,Sundowning,I made loving you a blood sport,13
Blood Sport,Chorus,Sundowning,I made loving you a blood sport,14
Blood Sport,Chorus,Sundowning,I can't win,15
Blood Sport,Chorus,Sundowning,So let's play,16
Blood Sport,Post-Chorus,Sundowning,And somewhere,17
Blood Sport,Post-Chorus,Sundowning,Somewhere the atoms stopped fusing,18
Blood Sport,Post-Chorus,Sundowning,I'm still your favourite regret,19
Blood Sport,Post-Chorus,Sundowning,You're still my weapon of choosing,20
Blood Sport,Post-Chorus,Sundowning,And out there,21
Blood Sport,Post-Chorus,Sundowning,Stuck in a quantum pattern,22
Blood Sport,Post-Chorus,Sundowning,Tangled with what I never said,23
Blood Sport,Post-Chorus,Sundowning,You say it doesn't matter,24
Blood Sport,Verse 2,Sundowning,I wanna be forgiven,25
Blood Sport,Verse 2,Sundowning,I wanna choke up chunks of my own sins,26
Blood Sport,Verse 2,Sundowning,Even if the sky cracks in mourning,27
Blood Sport,Verse 2,Sundowning,And the heavens just won't open up for me,28
Blood Sport,Verse 2,Sundowning,Would you invite me in again?,29
Blood Sport,Verse 2,Sundowning,Let me pay for my arrogance?,30
Blood Sport,Verse 2,Sundowning,Won't you show me your weakness?,31
Blood Sport,Chorus,Sundowning,I made loving you a blood sport,32
Blood Sport,Chorus,Sundowning,I made loving you a blood sport,33
Blood Sport,Chorus,Sundowning,I made loving you a blood sport,34
Blood Sport,Chorus,Sundowning,I can't win,35
Blood Sport,Chorus,Sundowning,I made loving you a blood sport,36
Blood Sport,Chorus,Sundowning,I made loving you a blood sport,37
Blood Sport,Chorus,Sundowning,I made loving you a blood sport,38
Blood Sport,Chorus,Sundowning,I can't win,39
Blood Sport,Post-Chorus,Sundowning,And somewhere,40
Blood Sport,Post-Chorus,Sundowning,(I made loving you a blood sport),41
Blood Sport,Post-Chorus,Sundowning,Somewhere the atoms stopped fusing,42
Blood Sport,Post-Chorus,Sundowning,(I made loving you a blood sport),43
Blood Sport,Post-Chorus,Sundowning,I'm still your favourite regret,44
Blood Sport,Post-Chorus,Sundowning,(I made loving you a blood sport),45
Blood Sport,Post-Chorus,Sundowning,You're still my weapon of choosing,46
Blood Sport,Post-Chorus,Sundowning,And out there,47
Blood Sport,Post-Chorus,Sundowning,(I made loving you a blood sport),48
Blood Sport,Post-Chorus,Sundowning,Stuck in a quantum pattern,49
Blood Sport,Post-Chorus,Sundowning,(I made loving you a blood sport),50
Blood Sport,Post-Chorus,Sundowning,Tangled with what I never said,51
Blood Sport,Post-Chorus,Sundowning,(I made loving you a blood sport),52
Blood Sport,Post-Chorus,Sundowning,You say it doesn't matter,53
Atlantic,Verse 1,This Place Will Become Your Tomb,Call me when they bury bodies underwater,1
Atlantic,Verse 1,This Place Will Become Your Tomb,It's blue light over murder for me,2
Atlantic,Verse 1,This Place Will Become Your Tomb,Crumble like a temple built from future daughters,3
Atlantic,Verse 1,This Place Will Become Your Tomb,To wasteland when the oceans recede,4
Atlantic,Verse 1,This Place Will Become Your Tomb,"Merry in the morning, earn your bitter fodder",5
Atlantic,Verse 1,This Place Will Become Your Tomb,It's easier to try not to eat,6
Atlantic,Verse 1,This Place Will Become Your Tomb,"So flood me like Atlantic, bandage up the trenches",7
Atlantic,Verse 1,This Place Will Become Your Tomb,Anything to get me to sleep,8
Atlantic,Verse 2,This Place Will Become Your Tomb,"I woke up surrounded, eyes like frozen planets",9
Atlantic,Verse 2,This Place Will Become Your Tomb,Just orbiting the vacuum I am,10
Atlantic,Verse 2,This Place Will Become Your Tomb,"They talk me through the damage, consequence",11
Atlantic,Verse 2,This Place Will Become Your Tomb,And how it's a pain they know they don't understand,12
Atlantic,Verse 2,This Place Will Become Your Tomb,Sobbing as they turn to statues at the bedside,13
Atlantic,Verse 2,This Place Will Become Your Tomb,I'm trying not to crush into sand,14
Atlantic,Verse 2,This Place Will Become Your Tomb,"So flood me like Atlantic, weather me to nothing",15
Atlantic,Verse 2,This Place Will Become Your Tomb,Wash away the blood on my hands,16
Atlantic,Verse 3,This Place Will Become Your Tomb,Call me when they bury bodies underwater,17
Atlantic,Verse 3,This Place Will Become Your Tomb,It's blue light over murder for me,18
Atlantic,Verse 3,This Place Will Become Your Tomb,Crumble like a temple built from future daughters,19
Atlantic,Verse 3,This Place Will Become Your Tomb,To wasteland when the oceans recede,20
Atlantic,Outro,This Place Will Become Your Tomb,"Don't wake me, don't wake me",21
Atlantic,Outro,This Place Will Become Your Tomb,Don't wake me up,22
Atlantic,Outro,This Place Will Become Your Tomb,(Don't you wake me up),23
Atlantic,Outro,This Place Will Become Your Tomb,"Don't wake me, don't wake me",24
Atlantic,Outro,This Place Will Become Your Tomb,Don't wake me up,25
Hypnosis,Verse 1,This Place Will Become Your Tomb,"Lift, oh, lift me out",1
Hypnosis,Verse 1,This Place Will Become Your Tomb,Of my own skin,2
Hypnosis,Verse 1,This Place Will Become Your Tomb,Of all my doubt,3
Hypnosis,Verse 1,This Place Will Become Your Tomb,"Oh, and take",4
Hypnosis,Verse 1,This Place Will Become Your Tomb,Take from me,5
Hypnosis,Verse 1,This Place Will Become Your Tomb,Leave nothing left,6
Hypnosis,Verse 1,This Place Will Become Your Tomb,Take everything,7
Hypnosis,Verse 2,This Place Will Become Your Tomb,"Sink, sink your teeth",8
Hypnosis,Verse 2,This Place Will Become Your Tomb,"Split my skin, no",9
Hypnosis,Verse 2,This Place Will Become Your Tomb,Just make me bleed,10
Hypnosis,Verse 2,This Place Will Become Your Tomb,"Oh, and give",11
Hypnosis,Verse 2,This Place Will Become Your Tomb,Give me all,12
Hypnosis,Verse 2,This Place Will Become Your Tomb,All that I want,13
Hypnosis,Verse 2,This Place Will Become Your Tomb,Just give me all,14
Hypnosis,Chorus,This Place Will Become Your Tomb,"You know you hypnotise me, always",15
Hypnosis,Chorus,This Place Will Become Your Tomb,"You know you hypnotise me, always",16
Hypnosis,Chorus,This Place Will Become Your Tomb,"You know you hypnotise me, always",17
Hypnosis,Chorus,This Place Will Become Your Tomb,"You know you hypnotise me, always",18
Hypnosis,Bridge,This Place Will Become Your Tomb,"(You know you hypnotise me, always)",19
Hypnosis,Bridge,This Place Will Become Your Tomb,And you make it more,20
Hypnosis,Bridge,This Place Will Become Your Tomb,"(You know you hypnotise me, always)",21
Hypnosis,Bridge,This Place Will Become Your Tomb,Than I could ever feel,22
Hypnosis,Bridge,This Place Will Become Your Tomb,"(You know you hypnotise me, always)",23
Hypnosis,Bridge,This Place Will Become Your Tomb,"(You know you hypnotise me, always)",24
Hypnosis,Bridge,This Place Will Become Your Tomb,Before,25
Hypnosis,Bridge,This Place Will Become Your Tomb,"(You know you hypnotise me, always)",26
Hypnosis,Bridge,This Place Will Become Your Tomb,And you make it more,27
Hypnosis,Bridge,This Place Will Become Your Tomb,"(You know you hypnotise me, always)",28
Hypnosis,Bridge,This Place Will Become Your Tomb,Than I could ever feel,29
Hypnosis,Bridge,This Place Will Become Your Tomb,"(You know you hypnotise me, always)",30
Hypnosis,Bridge,This Place Will Become Your Tomb,"(You know you hypnotise me, always)",31
Hypnosis,Bridge,This Place Will Become Your Tomb,Before,32
Hypnosis,Bridge,This Place Will Become Your Tomb,And I am almost under,33
Mine,Verse 1,This Place Will Become Your Tomb,I have waited,1
Mine,Verse 1,This Place Will Become Your Tomb,Paralysed by my own will,2
Mine,Verse 1,This Place Will Become Your Tomb,Viciously reminding me still,3
Mine,Verse 1,This Place Will Become Your Tomb,I'm born to believe,4
Mine,Verse 1,This Place Will Become Your Tomb,"And I am certain, no",5
Mine,Verse 1,This Place Will Become Your Tomb,That you and I are crashing course,6
Mine,Verse 1,This Place Will Become Your Tomb,Driven by a holy force,7
Mine,Verse 1,This Place Will Become Your Tomb,I know you can see,8
Mine,Chorus,This Place Will Become Your Tomb,That you will be mine,9
Mine,Chorus,This Place Will Become Your Tomb,"Yeah, you will be mine",10
Mine,Verse 2,This Place Will Become Your Tomb,We balance fire in the earth we walk,11
Mine,Verse 2,This Place Will Become Your Tomb,Will never stop me reaching forth,12
Mine,Verse 2,This Place Will Become Your Tomb,To see you again,13
Mine,Verse 2,This Place Will Become Your Tomb,With colours over all the wasted years,14
Mine,Verse 2,This Place Will Become Your Tomb,Eternity will bring you near,15
Mine,Verse 2,This Place Will Become Your Tomb,I know you can see,16
Mine,Verse 2,This Place Will Become Your Tomb,I know you can see,17
Mine,Chorus,This Place Will Become Your Tomb,That you will be mine,18
Mine,Chorus,This Place Will Become Your Tomb,"Yeah, you will be mine",19
Mine,Chorus,This Place Will Become Your Tomb,You will be mine,20
Mine,Chorus,This Place Will Become Your Tomb,(But don't give),21
Mine,Chorus,This Place Will Become Your Tomb,You will bе mine,22
Mine,Chorus,This Place Will Become Your Tomb,(Me time),23
Mine,Chorus,This Place Will Become Your Tomb,You will bе mine,24
Mine,Chorus,This Place Will Become Your Tomb,(You will),25
Mine,Chorus,This Place Will Become Your Tomb,You will be mine,26
Mine,Chorus,This Place Will Become Your Tomb,(Be),27
Mine,Chorus,This Place Will Become Your Tomb,You will be mine,28
Mine,Chorus,This Place Will Become Your Tomb,(Mine),29
Mine,Bridge,This Place Will Become Your Tomb,Did you not say we were made for each other?,30
Mine,Bridge,This Place Will Become Your Tomb,Did you not say we were made for each other?,31
Mine,Verse 1,This Place Will Become Your Tomb,I have waited,32
Mine,Verse 1,This Place Will Become Your Tomb,Paralysed by my own will,33
Mine,Verse 1,This Place Will Become Your Tomb,Viciously reminding me still,34
Mine,Verse 1,This Place Will Become Your Tomb,I'm born to believe,35
Mine,Verse 1,This Place Will Become Your Tomb,I am certain,36
Mine,Verse 1,This Place Will Become Your Tomb,That you and I are crashing course,37
Mine,Verse 1,This Place Will Become Your Tomb,Driven by a holy force,38
Mine,Verse 1,This Place Will Become Your Tomb,"And oh, you can see",39
Mine,Outro,This Place Will Become Your Tomb,(Did you not say),40
Mine,Outro,This Place Will Become Your Tomb,You will be mine,41
Mine,Outro,This Place Will Become Your Tomb,(We were made),42
Mine,Outro,This Place Will Become Your Tomb,You will be mine,43
Mine,Outro,This Place Will Become Your Tomb,(For each other?),44
Mine,Outro,This Place Will Become Your Tomb,You will be mine (Yeah),45
Mine,Outro,This Place Will Become Your Tomb,"You will be mine (Yeah, yeah, no, oh)",46
Mine,Outro,This Place Will Become Your Tomb,(Did you not say we were made for each other?),47
Mine,Outro,This Place Will Become Your Tomb,(Oh),48
Like That,Verse 1,This Place Will Become Your Tomb,Trapped under the surface of your words,1
Like That,Verse 1,This Place Will Become Your Tomb,There is a new intention,2
Like That,Verse 1,This Place Will Become Your Tomb,New whispers that once could not be heard,3
Like That,Verse 1,This Place Will Become Your Tomb,Catching your intention,4
Like That,Verse 1,This Place Will Become Your Tomb,"Wait, talking with razors on your tongue",5
Like That,Verse 1,This Place Will Become Your Tomb,Just to provoke my combat,6
Like That,Verse 1,This Place Will Become Your Tomb,New weapons to snap those final strings,7
Like That,Verse 1,This Place Will Become Your Tomb,Just to watch me fall back,8
Like That,Chorus,This Place Will Become Your Tomb,Do you like that? (Do you like that? No),9
Like That,Chorus,This Place Will Become Your Tomb,Do you like that?,10
Like That,Chorus,This Place Will Become Your Tomb,(Do you like that? Do you like that? Do you like that?),11
Like That,Verse 2,This Place Will Become Your Tomb,Push down into membranes and layers,12
Like That,Verse 2,This Place Will Become Your Tomb,Creating a slow dissection,13
Like That,Verse 2,This Place Will Become Your Tomb,I stumble into your tar trap,14
Like That,Verse 2,This Place Will Become Your Tomb,An addition to your collection,15
Like That,Chorus,This Place Will Become Your Tomb,Do you like that?,16
Like That,Chorus,This Place Will Become Your Tomb,(Do you like that? No),17
Like That,Chorus,This Place Will Become Your Tomb,Do you like that?,18
Like That,Chorus,This Place Will Become Your Tomb,Do you like that?,19
Like That,Chorus,This Place Will Become Your Tomb,Do you like that?,20
Like That,Chorus,This Place Will Become Your Tomb,(Do you like that? No),21
Like That,Verse 3,This Place Will Become Your Tomb,Fall into your eyes like a gravе,22
Like That,Verse 3,This Place Will Become Your Tomb,"(All that is inside, all your anger)",23
Like That,Verse 3,This Place Will Become Your Tomb,Bury me to thе sound of your name (Oh),24
Like That,Verse 3,This Place Will Become Your Tomb,"(All your disgust, all your resentment)",25
Like That,Verse 3,This Place Will Become Your Tomb,Fall into your eyes like a grave,26
Like That,Verse 3,This Place Will Become Your Tomb,"(All your differences, all your pain)",27
Like That,Verse 3,This Place Will Become Your Tomb,Bury me to the sound of your name,28
Like That,Verse 3,This Place Will Become Your Tomb,(All your pain),29
Like That,Verse 3,This Place Will Become Your Tomb,All your pain (Oh),30
Like That,Verse 3,This Place Will Become Your Tomb,(Fall into your eyes like a grave),31
Like That,Verse 3,This Place Will Become Your Tomb,All your pain,32
Like That,Verse 3,This Place Will Become Your Tomb,"(Bury me to the sound of your name, no)",33
Like That,Verse 3,This Place Will Become Your Tomb,All your pain,34
Like That,Verse 3,This Place Will Become Your Tomb,"(Fall into your eyes like a grave, all your pain)",35
Like That,Verse 3,This Place Will Become Your Tomb,All your pain,36
Like That,Outro,This Place Will Become Your Tomb,(Do you like that? Do you like that? Do you like that? No),37
Like That,Outro,This Place Will Become Your Tomb,(Do you like that? Do you like that? Do you like that? No),38
Like That,Outro,This Place Will Become Your Tomb,(Do you like that? Do you like that? Do you like that? No),39
Like That,Outro,This Place Will Become Your Tomb,(Do you like that? Do you like that? Do you like that? No),40
The Love You Want,Verse 1,This Place Will Become Your Tomb,You lie an inch apart on your own continuum,1
The Love You Want,Verse 1,This Place Will Become Your Tomb,Now keep the freak show talk to a careful minimum,2
The Love You Want,Verse 1,This Place Will Become Your Tomb,I'll find a different harbour to lay my anchor in,3
The Love You Want,Verse 1,This Place Will Become Your Tomb,"And you'll find a different way to keep from setting sail again, no",4
The Love You Want,Chorus,This Place Will Become Your Tomb,But I'm still full of the love you want,5
The Love You Want,Chorus,This Place Will Become Your Tomb,Still waking up beneath it all,6
The Love You Want,Chorus,This Place Will Become Your Tomb,And I'm still full of the love you want,7
The Love You Want,Chorus,This Place Will Become Your Tomb,I reach for you on faith alone,8
The Love You Want,Verse 2,This Place Will Become Your Tomb,Seems your heart is locked up and I still get the combination wrong,9
The Love You Want,Verse 2,This Place Will Become Your Tomb,Or are you simply waiting to save your love for someone I am not?,10
The Love You Want,Verse 2,This Place Will Become Your Tomb,Too many swallowed keys will make you bleed internally someday,11
The Love You Want,Verse 2,This Place Will Become Your Tomb,"Oh, oh",12
The Love You Want,Verse 2,This Place Will Become Your Tomb,"Maybe you believe that in the end, you will be better off that way",13
The Love You Want,Verse 2,This Place Will Become Your Tomb,"Oh, oh, oh, oh",14
The Love You Want,Chorus,This Place Will Become Your Tomb,And I'm still full of the love you want,15
The Love You Want,Chorus,This Place Will Become Your Tomb,Still waking up beneath it all,16
The Love You Want,Chorus,This Place Will Become Your Tomb,And I'm still full of the love you want,17
The Love You Want,Chorus,This Place Will Become Your Tomb,I reach for you on faith alone,18
The Love You Want,Chorus,This Place Will Become Your Tomb,And I'm still full of the love you want,19
The Love You Want,Chorus,This Place Will Become Your Tomb,"Still waking up, so alone",20
The Love You Want,Chorus,This Place Will Become Your Tomb,And I'll be full of the love you want,21
The Love You Want,Chorus,This Place Will Become Your Tomb,"No matter what, forevermore",22
The Love You Want,Bridge,This Place Will Become Your Tomb,And I'm still full of the love you want,23
The Love You Want,Bridge,This Place Will Become Your Tomb,And I'm still full of the love you want,24
The Love You Want,Bridge,This Place Will Become Your Tomb,And I'm still full of the love you want,25
The Love You Want,Bridge,This Place Will Become Your Tomb,"The love you want, the love you want",26
The Love You Want,Bridge,This Place Will Become Your Tomb,And I'm still full of the love you want,27
The Love You Want,Bridge,This Place Will Become Your Tomb,And I'm still full of the love you want,28
The Love You Want,Bridge,This Place Will Become Your Tomb,And I'm still full of the love you want,29
The Love You Want,Bridge,This Place Will Become Your Tomb,"The love you want, the love you want",30
The Love You Want,Outro,This Place Will Become Your Tomb,You lie an inch apart on your own continuum,31
The Love You Want,Outro,This Place Will Become Your Tomb,Now keep the freak show talk to a careful minimum,32
Fall for Me,Verse 1,This Place Will Become Your Tomb,"In a city of ice, there are burning cathedrals",1
Fall for Me,Verse 1,This Place Will Become Your Tomb,Turning the skies into glass,2
Fall for Me,Verse 1,This Place Will Become Your Tomb,And through echoing futures are the buckling sutures,3
Fall for Me,Verse 1,This Place Will Become Your Tomb,That hold shut the wounds of the past,4
Fall for Me,Chorus,This Place Will Become Your Tomb,So won't you fall for me? Won't you fall for me?,5
Fall for Me,Chorus,This Place Will Become Your Tomb,"Through a fractured existence, won't you fall for me?",6
Fall for Me,Chorus,This Place Will Become Your Tomb,"Won't you fall for me, from reality?",7
Fall for Me,Chorus,This Place Will Become Your Tomb,"To the rhythm of eternity, won't you fall for me?",8
Fall for Me,Verse 2,This Place Will Become Your Tomb,My insecurities surround me like lions in the den,9
Fall for Me,Verse 2,This Place Will Become Your Tomb,And I feel like I'm losing touch with what I am again,10
Fall for Me,Verse 2,This Place Will Become Your Tomb,"Slowly, I remember why I cannot pretend",11
Fall for Me,Verse 2,This Place Will Become Your Tomb,That I never think of you in all this screaming silence,12
Fall for Me,Verse 2,This Place Will Become Your Tomb,"(Oh God, I wish you were here)",13
Fall for Me,Chorus,This Place Will Become Your Tomb,So won't you fall for me? Won't you fall for me?,14
Fall for Me,Chorus,This Place Will Become Your Tomb,"Through a fractured existence, won't you fall for me?",15
Fall for Me,Chorus,This Place Will Become Your Tomb,"Won't you fall for me, from reality?",16
Fall for Me,Chorus,This Place Will Become Your Tomb,"To the rhythm of eternity, won't you fall for me? (Oh God, I wish you were here)",17
Fall for Me,Chorus,This Place Will Become Your Tomb,Won't you fall for me? Won't you fall for me?,18
Fall for Me,Chorus,This Place Will Become Your Tomb,"With my love as your garden, won't you fall for me?",19
Fall for Me,Chorus,This Place Will Become Your Tomb,"Won't you fall for me, from reality?",20
Fall for Me,Chorus,This Place Will Become Your Tomb,"I am yours in the end, so won't you fall for me?",21
Alkaline,Verse 1,This Place Will Become Your Tomb,"Every once in a while, something changes",1
Alkaline,Verse 1,This Place Will Become Your Tomb,And she's changing me,2
Alkaline,Verse 1,This Place Will Become Your Tomb,"It's too late for me now, I am altered",3
Alkaline,Verse 1,This Place Will Become Your Tomb,There is something beneath,4
Alkaline,Chorus,This Place Will Become Your Tomb,She's not acid nor alkaline,5
Alkaline,Chorus,This Place Will Become Your Tomb,Caught between black and white,6
Alkaline,Chorus,This Place Will Become Your Tomb,Not quite either day or night,7
Alkaline,Chorus,This Place Will Become Your Tomb,She's perfectly misaligned,8
Alkaline,Chorus,This Place Will Become Your Tomb,I'm caught up in her design,9
Alkaline,Chorus,This Place Will Become Your Tomb,And how it connects to mine,10
Alkaline,Chorus,This Place Will Become Your Tomb,I see in a different light,11
Alkaline,Chorus,This Place Will Become Your Tomb,The objects of my desire,12
Alkaline,Verse 2,This Place Will Become Your Tomb,"Oh, let's talk about chemistry",13
Alkaline,Verse 2,This Place Will Become Your Tomb,'Cause I'm dying to melt through,14
Alkaline,Verse 2,This Place Will Become Your Tomb,To the hеart of her molecules,15
Alkaline,Verse 2,This Place Will Become Your Tomb,Till thе particles part like holy water,16
Alkaline,Verse 2,This Place Will Become Your Tomb,"If anything, she's an undiscovered element",17
Alkaline,Verse 2,This Place Will Become Your Tomb,Either born in Hell or heaven-sent,18
Alkaline,Verse 2,This Place Will Become Your Tomb,"Either way, I'm into it",19
Alkaline,Chorus,This Place Will Become Your Tomb,She's not acid nor alkaline,20
Alkaline,Chorus,This Place Will Become Your Tomb,Caught between black and white,21
Alkaline,Chorus,This Place Will Become Your Tomb,Not quite either day or night,22
Alkaline,Chorus,This Place Will Become Your Tomb,She's perfectly misaligned,23
Alkaline,Chorus,This Place Will Become Your Tomb,I'm caught up in her design,24
Alkaline,Chorus,This Place Will Become Your Tomb,And how it connects to mine,25
Alkaline,Chorus,This Place Will Become Your Tomb,I see in a different light,26
Alkaline,Chorus,This Place Will Become Your Tomb,The objects of my desire,27
Alkaline,Chorus,This Place Will Become Your Tomb,Not acid nor alkaline,28
Alkaline,Chorus,This Place Will Become Your Tomb,Caught between black and white,29
Alkaline,Chorus,This Place Will Become Your Tomb,Not quite either day or night,30
Alkaline,Chorus,This Place Will Become Your Tomb,She's perfectly misaligned,31
Alkaline,Chorus,This Place Will Become Your Tomb,I'm caught up in her design,32
Alkaline,Chorus,This Place Will Become Your Tomb,And how it connects to mine,33
Alkaline,Chorus,This Place Will Become Your Tomb,I see in a different light,34
Alkaline,Chorus,This Place Will Become Your Tomb,The objects of my desire,35
Distraction,Verse 1,This Place Will Become Your Tomb,"Oh, and I know",1
Distraction,Verse 1,This Place Will Become Your Tomb,"I can tell I'm falling further, again",2
Distraction,Verse 1,This Place Will Become Your Tomb,"But I won't turn away, it's far too late for me",3
Distraction,Chorus,This Place Will Become Your Tomb,'Cause I am broken into fractions,4
Distraction,Chorus,This Place Will Become Your Tomb,"Oh, and I am driven to distraction",5
Distraction,Verse 2,This Place Will Become Your Tomb,"And I swear she is not like any other, no",6
Distraction,Verse 2,This Place Will Become Your Tomb,"Something more, more than I could ask for",7
Distraction,Verse 2,This Place Will Become Your Tomb,(It's too late for me),8
Distraction,Chorus,This Place Will Become Your Tomb,'Cause I am broken into fractions,9
Distraction,Chorus,This Place Will Become Your Tomb,"Oh, and I am driven to distraction, no",10
Distraction,Chorus,This Place Will Become Your Tomb,With each and every interaction,11
Distraction,Chorus,This Place Will Become Your Tomb,(It's too late for me),12
Distraction,Chorus,This Place Will Become Your Tomb,(It's too late for me),13
Distraction,Chorus,This Place Will Become Your Tomb,(It's too late for me),14
Distraction,Chorus,This Place Will Become Your Tomb,(It's too late for me),15
Distraction,Chorus,This Place Will Become Your Tomb,I am driven to distraction,16
Distraction,Chorus,This Place Will Become Your Tomb,(It's too late for me),17
Distraction,Chorus,This Place Will Become Your Tomb,(It's too late for me),18
Distraction,Chorus,This Place Will Become Your Tomb,(It's too late),19
Distraction,Outro,This Place Will Become Your Tomb,It's too late for me,20
Distraction,Outro,This Place Will Become Your Tomb,It's too late for me,21
Distraction,Outro,This Place Will Become Your Tomb,It's too late for me,22
Distraction,Outro,This Place Will Become Your Tomb,It's too late for me,23
Distraction,Outro,This Place Will Become Your Tomb,It's too late for me,24
Distraction,Outro,This Place Will Become Your Tomb,It's too late for me,25
Distraction,Outro,This Place Will Become Your Tomb,It's too late for me,26
Distraction,Outro,This Place Will Become Your Tomb,It's too late,27
Descending,Verse 1,This Place Will Become Your Tomb,Just take it all,1
Descending,Verse 1,This Place Will Become Your Tomb,For nothing again,2
Descending,Verse 1,This Place Will Become Your Tomb,"Create, release",3
Descending,Verse 1,This Place Will Become Your Tomb,She just don't feel the same,4
Descending,Verse 1,This Place Will Become Your Tomb,I asked and you answered,5
Descending,Verse 1,This Place Will Become Your Tomb,But you eat your words in frame,6
Descending,Verse 1,This Place Will Become Your Tomb,"At last, discover",7
Descending,Verse 1,This Place Will Become Your Tomb,You can't recall my name,8
Descending,Pre-Chorus,This Place Will Become Your Tomb,Until I let you fall away,9
Descending,Pre-Chorus,This Place Will Become Your Tomb,I've been left no choice,10
Descending,Pre-Chorus,This Place Will Become Your Tomb,Don't you see that?,11
Descending,Chorus,This Place Will Become Your Tomb,You come crawling back to me,12
Descending,Chorus,This Place Will Become Your Tomb,But I'm already on the ground,13
Descending,Chorus,This Place Will Become Your Tomb,And we all know that talk is cheap,14
Descending,Chorus,This Place Will Become Your Tomb,So come on and save me now,15
Descending,Chorus,This Place Will Become Your Tomb,And you wonder what I believe,16
Descending,Chorus,This Place Will Become Your Tomb,But you don't wanna be around,17
Descending,Chorus,This Place Will Become Your Tomb,So what would you do for me?,18
Descending,Chorus,This Place Will Become Your Tomb,"Yeah, what would you do for me?",19
Descending,Verse 2,This Place Will Become Your Tomb,I won't repeat,20
Descending,Verse 2,This Place Will Become Your Tomb,What I have said beforеhand,21
Descending,Verse 2,This Place Will Become Your Tomb,My love withers and chokes in pеrfect awe,22
Descending,Pre-Chorus,This Place Will Become Your Tomb,(Why don't you just say what you wanted to say for once?),23
Descending,Pre-Chorus,This Place Will Become Your Tomb,Till I let you fall away,24
Descending,Pre-Chorus,This Place Will Become Your Tomb,(Why don't you just say what you wanted to say for once?),25
Descending,Pre-Chorus,This Place Will Become Your Tomb,(Why don't you just say what you wanted to say for once?),26
Descending,Pre-Chorus,This Place Will Become Your Tomb,I've been left no choice,27
Descending,Pre-Chorus,This Place Will Become Your Tomb,(Why don't you just say what you wanted to say for once?),28
Descending,Pre-Chorus,This Place Will Become Your Tomb,(Why don't you just say what you wanted to say for once?),29
Descending,Pre-Chorus,This Place Will Become Your Tomb,Don't you see that?,30
Descending,Pre-Chorus,This Place Will Become Your Tomb,(Why don't you just say what you wanted to say?),31
Descending,Chorus,This Place Will Become Your Tomb,You come crawling back to me,32
Descending,Chorus,This Place Will Become Your Tomb,But I'm already on the ground,33
Descending,Chorus,This Place Will Become Your Tomb,And we all know that talk is cheap,34
Descending,Chorus,This Place Will Become Your Tomb,So come on and save me now,35
Descending,Chorus,This Place Will Become Your Tomb,And you wonder what I believe,36
Descending,Chorus,This Place Will Become Your Tomb,But you don't wanna be around,37
Descending,Chorus,This Place Will Become Your Tomb,So what would you do for me?,38
Descending,Chorus,This Place Will Become Your Tomb,"Yeah, what would you do for me?",39
Descending,Outro,This Place Will Become Your Tomb,(Why don't you just say what you wanted to say for once?),40
Descending,Outro,This Place Will Become Your Tomb,You come crawling back to me,41
Descending,Outro,This Place Will Become Your Tomb,(Why don't you just say what you wanted to say for once?),42
Descending,Outro,This Place Will Become Your Tomb,But I'm already on the ground,43
Descending,Outro,This Place Will Become Your Tomb,(Why don't you just say what you wanted to say for once?),44
Descending,Outro,This Place Will Become Your Tomb,And we all know that talk is cheap,45
Descending,Outro,This Place Will Become Your Tomb,So come on and save me now,46
Descending,Outro,This Place Will Become Your Tomb,(Why don't you just say what you wanted to say for once?),47
Descending,Outro,This Place Will Become Your Tomb,And you wonder what I believe,48
Descending,Outro,This Place Will Become Your Tomb,(Why don't you just say what you wanted to say for once?),49
Descending,Outro,This Place Will Become Your Tomb,But you don't wanna be around,50
Descending,Outro,This Place Will Become Your Tomb,(Why don't you just say what you wanted to say for once?),51
Descending,Outro,This Place Will Become Your Tomb,So what would you do for me?,52
Descending,Outro,This Place Will Become Your Tomb,"Yeah, what would you do for me?",53
Telomeres,Verse 1,This Place Will Become Your Tomb,You guide me in,1
Telomeres,Verse 1,This Place Will Become Your Tomb,To safety and silence (Oh),2
Telomeres,Verse 1,This Place Will Become Your Tomb,As you breathe me out,3
Telomeres,Verse 1,This Place Will Become Your Tomb,I drink you in (Oh),4
Telomeres,Chorus,This Place Will Become Your Tomb,And we go beyond the farthest reaches,5
Telomeres,Chorus,This Place Will Become Your Tomb,Where the light bends and wraps beneath us,6
Telomeres,Chorus,This Place Will Become Your Tomb,And I know as you collapse into me,7
Telomeres,Chorus,This Place Will Become Your Tomb,This is the start of something,8
Telomeres,Verse 2,This Place Will Become Your Tomb,Rivers and oceans,9
Telomeres,Verse 2,This Place Will Become Your Tomb,"We could beckon, no",10
Telomeres,Verse 2,This Place Will Become Your Tomb,Your eyes and your limbs,11
Telomeres,Verse 2,This Place Will Become Your Tomb,Are instruments to pick apart,12
Telomeres,Verse 2,This Place Will Become Your Tomb,The distance within,13
Telomeres,Bridge,This Place Will Become Your Tomb,Let the tides carry you back to me,14
Telomeres,Bridge,This Place Will Become Your Tomb,"The past, the future",15
Telomeres,Bridge,This Place Will Become Your Tomb,Through death,16
Telomeres,Bridge,This Place Will Become Your Tomb,My arms are open,17
Telomeres,Chorus,This Place Will Become Your Tomb,We go beyond the farthest reaches,18
Telomeres,Chorus,This Place Will Become Your Tomb,Where the light bends and wraps beneath us,19
Telomeres,Chorus,This Place Will Become Your Tomb,And I know as you collapse into me,20
Telomeres,Chorus,This Place Will Become Your Tomb,This is the start of something new,21
High Water,Verse 1,This Place Will Become Your Tomb,For the time being,1
High Water,Verse 1,This Place Will Become Your Tomb,I will still avoid my own questions,2
High Water,Verse 1,This Place Will Become Your Tomb,And we both bury that history deep,3
High Water,Verse 1,This Place Will Become Your Tomb,But you know I can hold my breath forever,4
High Water,Verse 1,This Place Will Become Your Tomb,For the time being,5
High Water,Verse 1,This Place Will Become Your Tomb,You are still a perfect reminder of what,6
High Water,Verse 1,This Place Will Become Your Tomb,All of these scars on my arms are for,7
High Water,Verse 1,This Place Will Become Your Tomb,If I can hold myself together,8
High Water,Chorus,This Place Will Become Your Tomb,And I choke myself on sacred vapour,9
High Water,Chorus,This Place Will Become Your Tomb,Waiting on some holy favour,10
High Water,Chorus,This Place Will Become Your Tomb,Basking in the solace of regret,11
High Water,Chorus,This Place Will Become Your Tomb,And it seems my hell is your high water,12
High Water,Chorus,This Place Will Become Your Tomb,Wash me clean again before I pull myself beneath the waves,13
High Water,Verse 2,This Place Will Become Your Tomb,When thе mouth of infinity,14
High Water,Verse 2,This Place Will Become Your Tomb,Buries its teeth in me,15
High Water,Verse 2,This Place Will Become Your Tomb,I'll smile through thе agony for you,16
High Water,Verse 2,This Place Will Become Your Tomb,And I know you still bear the weight of your own existence,17
High Water,Verse 2,This Place Will Become Your Tomb,And you'll never bear the weight of two,18
High Water,Chorus,This Place Will Become Your Tomb,And I choke myself on sacred vapour,19
High Water,Chorus,This Place Will Become Your Tomb,Waiting on some holy favour,20
High Water,Chorus,This Place Will Become Your Tomb,Basking in the solace of regret,21
High Water,Chorus,This Place Will Become Your Tomb,And it seems my hell is your high water,22
High Water,Chorus,This Place Will Become Your Tomb,Wash me clean again before I pull myself beneath the waves,23
High Water,Verse 3,This Place Will Become Your Tomb,For the time being,24
High Water,Verse 3,This Place Will Become Your Tomb,I will admit my defeat again,25
High Water,Verse 3,This Place Will Become Your Tomb,I will accept that I can't pretend,26
High Water,Verse 3,This Place Will Become Your Tomb,We will ever be together,27
High Water,Breakdown,This Place Will Become Your Tomb,I can't hold myself together,28
Missing Limbs,Verse 1,This Place Will Become Your Tomb,Just let me know,1
Missing Limbs,Verse 1,This Place Will Become Your Tomb,"If nowadays, the outer rounds of heaven don't",2
Missing Limbs,Verse 1,This Place Will Become Your Tomb,Keep up on the charm offensive anymore,3
Missing Limbs,Verse 1,This Place Will Become Your Tomb,Failing to remind you what you're living for,4
Missing Limbs,Verse 1,This Place Will Become Your Tomb,And I'd give anything to borrow your indifference,5
Missing Limbs,Verse 1,This Place Will Become Your Tomb,I'd drink you in,6
Missing Limbs,Verse 1,This Place Will Become Your Tomb,To temper your belief in all my promises,7
Missing Limbs,Verse 1,This Place Will Become Your Tomb,To swallow my desire and choke on it,8
Missing Limbs,Chorus,This Place Will Become Your Tomb,'Cause it still makes my blood run cold,9
Missing Limbs,Chorus,This Place Will Become Your Tomb,To remember what they did before,10
Missing Limbs,Chorus,This Place Will Become Your Tomb,The stories that you never told to me,11
Missing Limbs,Verse 2,This Place Will Become Your Tomb,"Oh, bird, worry not",12
Missing Limbs,Verse 2,This Place Will Become Your Tomb,The blessings rain on battles in the heaven's arms,13
Missing Limbs,Verse 2,This Place Will Become Your Tomb,And my polite advances won't last for long,14
Missing Limbs,Verse 2,This Place Will Become Your Tomb,The eager apprehension is wearing off,15
Missing Limbs,Verse 2,This Place Will Become Your Tomb,I'd give anything,16
Missing Limbs,Verse 2,This Place Will Become Your Tomb,To balance your conviction with certainty,17
Missing Limbs,Verse 2,This Place Will Become Your Tomb,To fall asleep without you lying next to me,18
Missing Limbs,Verse 2,This Place Will Become Your Tomb,To sever my connection with everything,19
Missing Limbs,Chorus,This Place Will Become Your Tomb,'Cause it still makes my blood run cold,20
Missing Limbs,Chorus,This Place Will Become Your Tomb,To remember what I did before,21
Missing Limbs,Chorus,This Place Will Become Your Tomb,The stories that you never told to me,22
Missing Limbs,Chorus,This Place Will Become Your Tomb,And it still makes my blood run thin,23
Missing Limbs,Chorus,This Place Will Become Your Tomb,To remember what you are to him,24
Missing Limbs,Chorus,This Place Will Become Your Tomb,And I live like I've got missing limbs for you,25
Chokehold,Verse 1,Take Me Back to Eden,When we were made,1
Chokehold,Verse 1,Take Me Back to Eden,It was no accident,2
Chokehold,Verse 1,Take Me Back to Eden,We were tangled up like branches in a flood,3
Chokehold,Verse 1,Take Me Back to Eden,I come as a blade,4
Chokehold,Verse 1,Take Me Back to Eden,A sacred guardian,5
Chokehold,Verse 1,Take Me Back to Eden,So you keep me sharp and test my worth in blood,6
Chokehold,Chorus,Take Me Back to Eden,You've got me in a chokehold,7
Chokehold,Chorus,Take Me Back to Eden,You've got me in a chokehold,8
Chokehold,Chorus,Take Me Back to Eden,You've got me in a,9
Chokehold,Verse 2,Take Me Back to Eden,Beneath the stormy seas,10
Chokehold,Verse 2,Take Me Back to Eden,Above the mountain peaks,11
Chokehold,Verse 2,Take Me Back to Eden,It's all the same to me,12
Chokehold,Verse 2,Take Me Back to Eden,It makes no difference,13
Chokehold,Verse 2,Take Me Back to Eden,I've seen my days unfold,14
Chokehold,Verse 2,Take Me Back to Eden,Done the impossible,15
Chokehold,Verse 2,Take Me Back to Eden,I'll turn my walls to gold to bring you home again,16
Chokehold,Verse 2,Take Me Back to Eden,So show me that which I cannot see,17
Chokehold,Verse 2,Take Me Back to Eden,Even if it hurts me,18
Chokehold,Verse 2,Take Me Back to Eden,Even if I can't sleep,19
Chokehold,Verse 2,Take Me Back to Eden,"Oh, and though we act out of our holy duty to be constantly awake",20
Chokehold,Chorus,Take Me Back to Eden,You've got me in a chokehold,21
Chokehold,Chorus,Take Me Back to Eden,You've got me in a chokehold,22
Chokehold,Chorus,Take Me Back to Eden,You've got me in a chokehold,23
Chokehold,Chorus,Take Me Back to Eden,You've got me in a chokehold,24
Chokehold,Outro,Take Me Back to Eden,Even if it hurts me,25
Chokehold,Outro,Take Me Back to Eden,Even if I can't sleep,26
Chokehold,Outro,Take Me Back to Eden,Show me the way,27
The Summoning,Refrain,Take Me Back to Eden,I've got a river running right into you,1
The Summoning,Refrain,Take Me Back to Eden,"I've got a blood trail, red in the blue",2
The Summoning,Refrain,Take Me Back to Eden,Something you say or something you do,3
The Summoning,Refrain,Take Me Back to Eden,The taste of the divine,4
The Summoning,Pre-Chorus,Take Me Back to Eden,"You've got my body, flesh, and bone, yeah",5
The Summoning,Pre-Chorus,Take Me Back to Eden,"The sky above, the Earth below",6
The Summoning,Chorus,Take Me Back to Eden,Raise me up again,7
The Summoning,Chorus,Take Me Back to Eden,Take me past the edge,8
The Summoning,Chorus,Take Me Back to Eden,I want to see the other side,9
The Summoning,Chorus,Take Me Back to Eden,See the other side,10
The Summoning,Pre-Chorus,Take Me Back to Eden,"You've got my body, flesh, and bone",11
The Summoning,Pre-Chorus,Take Me Back to Eden,"The sky above, the Earth below",12
The Summoning,Chorus,Take Me Back to Eden,Raise me up again,13
The Summoning,Chorus,Take Me Back to Eden,Takе me past the edgе,14
The Summoning,Chorus,Take Me Back to Eden,I want to see the other side,15
The Summoning,Chorus,Take Me Back to Eden,Won't you show me what it's like?,16
The Summoning,Chorus,Take Me Back to Eden,Won't you show me what it's like?,17
The Summoning,Bridge,Take Me Back to Eden,"Oh, and my love",18
The Summoning,Bridge,Take Me Back to Eden,Did I mistake you for a sign from God,19
The Summoning,Bridge,Take Me Back to Eden,Or are you really here to cast me off?,20
The Summoning,Bridge,Take Me Back to Eden,Or maybe just to turn me on,21
The Summoning,Bridge,Take Me Back to Eden,'Cause these days,22
The Summoning,Bridge,Take Me Back to Eden,I would be lying if I told you that,23
The Summoning,Bridge,Take Me Back to Eden,I didn't wish that I could be your man,24
The Summoning,Bridge,Take Me Back to Eden,Or maybe make a good girl bad,25
The Summoning,Refrain,Take Me Back to Eden,I've got a river running right into you,26
The Summoning,Refrain,Take Me Back to Eden,"I've got a blood trail, red in the blue",27
The Summoning,Refrain,Take Me Back to Eden,Something you say or something you do,28
The Summoning,Refrain,Take Me Back to Eden,The taste of the divine,29
The Summoning,Refrain,Take Me Back to Eden,"You've got my body, flesh, and bone",30
The Summoning,Refrain,Take Me Back to Eden,"The sky above, the Earth below",31
The Summoning,Refrain,Take Me Back to Eden,Nothing to say and nowhere to go,32
The Summoning,Refrain,Take Me Back to Eden,The taste of the divine,33
Granite,Verse 1,Take Me Back to Eden,Sulfur on your breath,1
Granite,Verse 1,Take Me Back to Eden,Granite in my chest,2
Granite,Verse 1,Take Me Back to Eden,You won't ever have to talk about it,3
Granite,Verse 1,Take Me Back to Eden,You'll never wanna talk about it,4
Granite,Verse 1,Take Me Back to Eden,Fury too damn late,5
Granite,Verse 1,Take Me Back to Eden,Reason dislocates,6
Granite,Verse 1,Take Me Back to Eden,And you'll never have to talk about it,7
Granite,Verse 1,Take Me Back to Eden,You'll never wanna talk about it,8
Granite,Chorus,Take Me Back to Eden,I was more than just a body in your passenger seat,9
Granite,Chorus,Take Me Back to Eden,And you were more than just somebody I was destined to meet,10
Granite,Chorus,Take Me Back to Eden,I see you go half-blind when you're looking at me,11
Granite,Chorus,Take Me Back to Eden,But I am,12
Granite,Chorus,Take Me Back to Eden,Between the secondhand smoke and the glass on the street,13
Granite,Chorus,Take Me Back to Eden,You gave me nothing whatsoever but a reason to leave,14
Granite,Chorus,Take Me Back to Eden,"You say you want mе, but you know I'm not what you need",15
Granite,Chorus,Take Me Back to Eden,But I am,16
Granite,Verse 2,Take Me Back to Eden,When you'd sit there acting likе you know me,17
Granite,Verse 2,Take Me Back to Eden,Acting like you only brought me here to get below me,18
Granite,Verse 2,Take Me Back to Eden,"Never mind the death threats, parting at the door",19
Granite,Verse 2,Take Me Back to Eden,We'd rather be six feet under than be lonely,20
Granite,Verse 2,Take Me Back to Eden,"And if you had a problem, then you should have told me",21
Granite,Verse 2,Take Me Back to Eden,'Fore you started getting all aggressive and controlling,22
Granite,Verse 2,Take Me Back to Eden,You only drink the water when you think it's holy,23
Granite,Verse 2,Take Me Back to Eden,So keep an eye on the road or we will both be here forever,24
Granite,Chorus,Take Me Back to Eden,I was more than just a body in your passenger seat,25
Granite,Chorus,Take Me Back to Eden,And you were more than just somebody I was destined to meet,26
Granite,Chorus,Take Me Back to Eden,I see you go half-blind when you're looking at me,27
Granite,Chorus,Take Me Back to Eden,But I am,28
Granite,Chorus,Take Me Back to Eden,Between the secondhand smoke and the glass on the street,29
Granite,Chorus,Take Me Back to Eden,You gave me nothing whatsoever but a reason to leave,30
Granite,Chorus,Take Me Back to Eden,"You say you want me, but you know I'm not what you need",31
Granite,Chorus,Take Me Back to Eden,But I am,32
Granite,Chorus,Take Me Back to Eden,I was more than just a body in your passenger seat,33
Granite,Chorus,Take Me Back to Eden,And you were more than just somebody I was destined to meet,34
Granite,Chorus,Take Me Back to Eden,I see you go half-blind when you're looking at me,35
Granite,Chorus,Take Me Back to Eden,But I am,36
Granite,Chorus,Take Me Back to Eden,Between the second-hand smoke and the glass on the street,37
Granite,Chorus,Take Me Back to Eden,You gave me nothing whatsoever but a reason to leave,38
Granite,Chorus,Take Me Back to Eden,"You say you want me, but you know I'm not what you need",39
Granite,Chorus,Take Me Back to Eden,But I am,40
Aqua Regia,Verse 1,Take Me Back to Eden,"Well, my love is an animal call",1
Aqua Regia,Verse 1,Take Me Back to Eden,"Cutting through the darkness, bouncing off the walls",2
Aqua Regia,Verse 1,Take Me Back to Eden,Between teeth on a broken jaw,3
Aqua Regia,Verse 1,Take Me Back to Eden,"Following a blood trail, frothing at the maw",4
Aqua Regia,Verse 1,Take Me Back to Eden,These days I'm a circuit board,5
Aqua Regia,Verse 1,Take Me Back to Eden,Integrated hardware you cannot afford,6
Aqua Regia,Verse 1,Take Me Back to Eden,The perfect start to a perfect war,7
Aqua Regia,Verse 1,Take Me Back to Eden,Putting down the roses picking up the sword,8
Aqua Regia,Refrain,Take Me Back to Eden,Aqua regia,9
Aqua Regia,Refrain,Take Me Back to Eden,Aqua regia,10
Aqua Regia,Verse 2,Take Me Back to Eden,"Well, my past is a holy book",11
Aqua Regia,Verse 2,Take Me Back to Eden,"A call from Olympus, ringing off the hook",12
Aqua Regia,Verse 2,Take Me Back to Eden,Between the pain and the way you look,13
Aqua Regia,Verse 2,Take Me Back to Eden,I'm stuck in a time where the mountains shook,14
Aqua Regia,Verse 2,Take Me Back to Eden,And these days I'm a picture frame,15
Aqua Regia,Verse 2,Take Me Back to Eden,"Screaming at the sunshine, singing in the rain",16
Aqua Regia,Verse 2,Take Me Back to Eden,"Sugar on the blood cells, carbon on the brain",17
Aqua Regia,Verse 2,Take Me Back to Eden,All of Eden's vices running through my veins,18
Aqua Regia,Chorus,Take Me Back to Eden,Aqua regia,19
Aqua Regia,Chorus,Take Me Back to Eden,Oxytocin running in the ether,20
Aqua Regia,Chorus,Take Me Back to Eden,Silicon ballrooms,21
Aqua Regia,Chorus,Take Me Back to Eden,Subatomic interactions if it's all good,22
Aqua Regia,Chorus,Take Me Back to Eden,"Gold rush, acid flux",23
Aqua Regia,Chorus,Take Me Back to Eden,"Saturate me, I can't get enough",24
Aqua Regia,Chorus,Take Me Back to Eden,"Cold love, hot blood",25
Aqua Regia,Chorus,Take Me Back to Eden,Running to your heart when you're thinking of,26
Aqua Regia,Bridge,Take Me Back to Eden,"Oh, when I am done dancing to alarm bells",27
Aqua Regia,Bridge,Take Me Back to Eden,No wonder my ears are still ringing,28
Aqua Regia,Bridge,Take Me Back to Eden,And I am done fighting off change,29
Aqua Regia,Bridge,Take Me Back to Eden,No wonder my arms are still swinging,30
Aqua Regia,Chorus,Take Me Back to Eden,Aqua regia,31
Aqua Regia,Chorus,Take Me Back to Eden,Oxytocin running in the ether,32
Aqua Regia,Chorus,Take Me Back to Eden,Silicon ballrooms,33
Aqua Regia,Chorus,Take Me Back to Eden,Subatomic interactions if it's all good,34
Aqua Regia,Chorus,Take Me Back to Eden,"Gold rush, acid flux",35
Aqua Regia,Chorus,Take Me Back to Eden,"Saturate me, I can't get enough",36
Aqua Regia,Chorus,Take Me Back to Eden,"Cold love, hot blood",37
Aqua Regia,Chorus,Take Me Back to Eden,Running to your heart when you're thinking of,38
Vore,Verse 1,Take Me Back to Eden,You have become the voice in my head,1
Vore,Verse 1,Take Me Back to Eden,Only recourse we're left after death,2
Vore,Verse 1,Take Me Back to Eden,Your viscera welcome me in,3
Vore,Verse 1,Take Me Back to Eden,Welcome me in,4
Vore,Verse 1,Take Me Back to Eden,"My life is torn, my bones, they bleed",5
Vore,Verse 1,Take Me Back to Eden,My metaphors fall short in the end,6
Vore,Verse 1,Take Me Back to Eden,Your flesh and bone welcome me in,7
Vore,Verse 1,Take Me Back to Eden,Welcome me in,8
Vore,Verse 1,Take Me Back to Eden,(Are you in pain like I am?),9
Vore,Pre-Chorus,Take Me Back to Eden,Will we remain stuck in the throat of gods?,10
Vore,Pre-Chorus,Take Me Back to Eden,Will the pain stop if we go deeper?,11
Vore,Chorus,Take Me Back to Eden,So lеt's get swallowed whole,12
Vore,Chorus,Take Me Back to Eden,I wanna go whеre nobody else will,13
Vore,Chorus,Take Me Back to Eden,Ever go,14
Vore,Verse 2,Take Me Back to Eden,"Walls of flesh, so warm again",15
Vore,Verse 2,Take Me Back to Eden,We step into my suffering,16
Vore,Verse 2,Take Me Back to Eden,My only need,17
Vore,Verse 2,Take Me Back to Eden,Welcome me in,18
Vore,Verse 2,Take Me Back to Eden,Welcome me in,19
Vore,Refrain,Take Me Back to Eden,There is always something in the way,20
Vore,Refrain,Take Me Back to Eden,I wanna have you to myself for once,21
Vore,Refrain,Take Me Back to Eden,Follow me between the jaws of fate,22
Vore,Refrain,Take Me Back to Eden,So I can have you to myself for once,23
Vore,Chorus,Take Me Back to Eden,So let's get swallowed whole,24
Vore,Chorus,Take Me Back to Eden,I wanna go where nobody else will,25
Vore,Chorus,Take Me Back to Eden,Ever go,26
Vore,Refrain,Take Me Back to Eden,There is always something in the way,27
Vore,Refrain,Take Me Back to Eden,I wanna have you to myself for once,28
Vore,Outro,Take Me Back to Eden,Are you in pain like I am?,29
Vore,Outro,Take Me Back to Eden,Are you in pain like I am?,30
Vore,Outro,Take Me Back to Eden,Are you in pain like I am?,31
Vore,Outro,Take Me Back to Eden,Are you in pain like I am?,32
Ascensionism,Intro,Take Me Back to Eden,"Well, I know what you want from me",1
Ascensionism,Intro,Take Me Back to Eden,You want someone to be,2
Ascensionism,Intro,Take Me Back to Eden,"Your reflection, your bitter deception",3
Ascensionism,Intro,Take Me Back to Eden,Setting you free,4
Ascensionism,Intro,Take Me Back to Eden,So you take what you want and leave,5
Ascensionism,Verse 1,Take Me Back to Eden,Who made you like this?,6
Ascensionism,Verse 1,Take Me Back to Eden,Who encrypted your dark gospel in body language?,7
Ascensionism,Verse 1,Take Me Back to Eden,Synapses snap back in blissful anguish,8
Ascensionism,Verse 1,Take Me Back to Eden,"Tell me you met me in past lives, past life",9
Ascensionism,Verse 1,Take Me Back to Eden,"Past what might be eating me from the inside, darling",10
Ascensionism,Verse 1,Take Me Back to Eden,"Half algorithm, half deity",11
Ascensionism,Verse 1,Take Me Back to Eden,Glitches in the code or gaps in a strange dream,12
Ascensionism,Verse 1,Take Me Back to Eden,Tell me you guessed my future and it mapped onto your fantasy,13
Ascensionism,Verse 1,Take Me Back to Eden,Turn me into your mannequin and I'll turn you into my puppet queen,14
Ascensionism,Verse 2,Take Me Back to Eden,Won't you come and dance in the dark with me?,15
Ascensionism,Verse 2,Take Me Back to Eden,"Show me what you are, I am desperate to know",16
Ascensionism,Verse 2,Take Me Back to Eden,Nobody better than the perfect enemy,17
Ascensionism,Verse 2,Take Me Back to Eden,Digital demons make the night feel heavenly,18
Ascensionism,Verse 2,Take Me Back to Eden,Make it real,19
Ascensionism,Verse 2,Take Me Back to Eden,'Cause anything's better than the way I feel right now,20
Ascensionism,Verse 2,Take Me Back to Eden,I can offer you a blacklit paradise,21
Ascensionism,Verse 2,Take Me Back to Eden,"Diamonds in the trees, pentagrams in the night sky",22
Ascensionism,Verse 3,Take Me Back to Eden,"Lipstick, chemtrails, red flags, pink nails, with",23
Ascensionism,Verse 3,Take Me Back to Eden,"One eye on the door, other eye on a rail",24
Ascensionism,Verse 3,Take Me Back to Eden,Other other eye following a scarlet trail,25
Ascensionism,Verse 3,Take Me Back to Eden,"And the last few drops from the Holy Grail, now",26
Ascensionism,Verse 3,Take Me Back to Eden,"Rose gold chains, ripped lace, cut glass",27
Ascensionism,Verse 3,Take Me Back to Eden,Blood stains on the collar means just don't ask,28
Ascensionism,Verse 3,Take Me Back to Eden,Be the first to the feast,29
Ascensionism,Verse 3,Take Me Back to Eden,Let's choke on the past and,30
Ascensionism,Verse 3,Take Me Back to Eden,Take to the broken skies at last,31
Ascensionism,Bridge,Take Me Back to Eden,"(Diamonds in the trees, pentagrams in the night sky)",32
Ascensionism,Bridge,Take Me Back to Eden,"(Diamonds in the trees, pentagrams in the night sky)",33
Ascensionism,Bridge,Take Me Back to Eden,"(Diamonds in the trees, pentagrams in the night sky)",34
Ascensionism,Bridge,Take Me Back to Eden,"(Diamonds in the trees, pentagrams in the night sky)",35
Ascensionism,Bridge,Take Me Back to Eden,"(Diamonds in the trees, pentagrams in the night sky)",36
Ascensionism,Bridge,Take Me Back to Eden,"(Diamonds in the trees, pentagrams in the night sky)",37
Ascensionism,Bridge,Take Me Back to Eden,"(Diamonds in the trees, pentagrams in the night sky)",38
Ascensionism,Bridge,Take Me Back to Eden,"Diamonds in the trees, pentagrams in the night sky",39
Ascensionism,Breakdown,Take Me Back to Eden,You're gonna watch me ascend,40
Ascensionism,Verse 4,Take Me Back to Eden,And I know what you want from me,41
Ascensionism,Verse 4,Take Me Back to Eden,You want the same as me,42
Ascensionism,Verse 4,Take Me Back to Eden,"My redemption, eternal ascension",43
Ascensionism,Verse 4,Take Me Back to Eden,Setting me free,44
Ascensionism,Verse 4,Take Me Back to Eden,So I'll take what I want then leave,45
Ascensionism,Outro,Take Me Back to Eden,"You make me wish I could disappear, no",46
Ascensionism,Outro,Take Me Back to Eden,You make me wish I could disappear,47
Are You Really Okay?,Verse 1,Take Me Back to Eden,I raised you in the dark,1
Are You Really Okay?,Verse 1,Take Me Back to Eden,Caught you reading by the sunrise,2
Are You Really Okay?,Verse 1,Take Me Back to Eden,You wandered from the path,3
Are You Really Okay?,Verse 1,Take Me Back to Eden,Through the silence of the hillside,4
Are You Really Okay?,Pre-Chorus 1,Take Me Back to Eden,And don't you know,5
Are You Really Okay?,Pre-Chorus 1,Take Me Back to Eden,I could see it in you even then?,6
Are You Really Okay?,Pre-Chorus 1,Take Me Back to Eden,And don't you know,7
Are You Really Okay?,Pre-Chorus 1,Take Me Back to Eden,I was trying to hold back the darkness?,8
Are You Really Okay?,Chorus,Take Me Back to Eden,And are you really okay?,9
Are You Really Okay?,Chorus,Take Me Back to Eden,Are you really okay?,10
Are You Really Okay?,Verse 2,Take Me Back to Eden,You woke me up one night,11
Are You Really Okay?,Verse 2,Take Me Back to Eden,Dripping crimson on the carpet,12
Are You Really Okay?,Verse 2,Take Me Back to Eden,I saw it in your eyes,13
Are You Really Okay?,Verse 2,Take Me Back to Eden,Cutting deeper than the scars could run,14
Are You Really Okay?,Pre-Chorus 2,Take Me Back to Eden,And don't you know,15
Are You Really Okay?,Pre-Chorus 2,Take Me Back to Eden,I can see it in you even now?,16
Are You Really Okay?,Pre-Chorus 2,Take Me Back to Eden,And don't you know?,17
Are You Really Okay?,Pre-Chorus 2,Take Me Back to Eden,I want to help you but I don't know how,18
Are You Really Okay?,Chorus,Take Me Back to Eden,"And are you really okay? Yeah, yeah",19
Are You Really Okay?,Chorus,Take Me Back to Eden,Are you really okay?,20
Are You Really Okay?,Bridge,Take Me Back to Eden,And I,21
Are You Really Okay?,Bridge,Take Me Back to Eden,I cannot fix your wounds this time,22
Are You Really Okay?,Bridge,Take Me Back to Eden,But I,23
Are You Really Okay?,Bridge,Take Me Back to Eden,I don't beliеve you when you tell mе you are fine,24
Are You Really Okay?,Outro,Take Me Back to Eden,Please don't hurt yourself again,25
Are You Really Okay?,Outro,Take Me Back to Eden,"Just please don't hurt yourself again, no",26
Are You Really Okay?,Outro,Take Me Back to Eden,Please don't hurt yourself again,27
Are You Really Okay?,Outro,Take Me Back to Eden,Please don't hurt yourself again,28
The Apparition,Intro,Take Me Back to Eden,Why are you never real?,1
The Apparition,Intro,Take Me Back to Eden,Whenever you appear,2
The Apparition,Intro,Take Me Back to Eden,You leave me with that grace,3
The Apparition,Intro,Take Me Back to Eden,I am trembling with fear,4
The Apparition,Intro,Take Me Back to Eden,But I know that you will disappear,5
The Apparition,Intro,Take Me Back to Eden,Just as I awake,6
The Apparition,Intro,Take Me Back to Eden,Whisper in my ear,7
The Apparition,Chorus,Take Me Back to Eden,"Well, I believe",8
The Apparition,Chorus,Take Me Back to Eden,Somewhere in the past,9
The Apparition,Chorus,Take Me Back to Eden,Something was between,10
The Apparition,Chorus,Take Me Back to Eden,"You and I, my dear",11
The Apparition,Chorus,Take Me Back to Eden,And it remains,12
The Apparition,Chorus,Take Me Back to Eden,With me to this day,13
The Apparition,Chorus,Take Me Back to Eden,No matter what I do,14
The Apparition,Chorus,Take Me Back to Eden,This scar will never fade,15
The Apparition,Refrain,Take Me Back to Eden,So let's make trouble in the dream world,16
The Apparition,Refrain,Take Me Back to Eden,Hijack Heaven with another memory now,17
The Apparition,Refrain,Take Me Back to Eden,I make the most of the turning tide,18
The Apparition,Refrain,Take Me Back to Eden,It just split what's left of the burning silence,19
The Apparition,Refrain,Take Me Back to Eden,"Don't wait, 'cause this could be the last time",20
The Apparition,Refrain,Take Me Back to Eden,You turn up in the reveries of my mind,21
The Apparition,Refrain,Take Me Back to Eden,I wake up to a suicide frenzy,22
The Apparition,Refrain,Take Me Back to Eden,Loaded dreams still leave me empty,23
The Apparition,Chorus,Take Me Back to Eden,And I believe,24
The Apparition,Chorus,Take Me Back to Eden,That somewhere in the past,25
The Apparition,Chorus,Take Me Back to Eden,Something was between,26
The Apparition,Chorus,Take Me Back to Eden,"You and I, my dear",27
The Apparition,Chorus,Take Me Back to Eden,And it remains,28
The Apparition,Chorus,Take Me Back to Eden,With me to this day,29
The Apparition,Chorus,Take Me Back to Eden,No matter what I do,30
The Apparition,Chorus,Take Me Back to Eden,This wound will never heal,31
The Apparition,Bridge,Take Me Back to Eden,Why are you never real?,32
The Apparition,Bridge,Take Me Back to Eden,The shifting states you follow me through,33
The Apparition,Bridge,Take Me Back to Eden,Unrevealed,34
The Apparition,Bridge,Take Me Back to Eden,Just let me go or take me with you,35
The Apparition,Refrain,Take Me Back to Eden,So let's make trouble in the dream world,36
The Apparition,Refrain,Take Me Back to Eden,Hijack Heaven with another memory now,37
The Apparition,Refrain,Take Me Back to Eden,I make the most of the turning tide,38
The Apparition,Refrain,Take Me Back to Eden,It just split what's left of the burning silence,39
The Apparition,Refrain,Take Me Back to Eden,"Don't wait, 'cause this could be the last time",40
The Apparition,Refrain,Take Me Back to Eden,You turn up in the reveries of my mind,41
The Apparition,Refrain,Take Me Back to Eden,I wake up to a suicide frenzy,42
The Apparition,Refrain,Take Me Back to Eden,Loaded dreams still leave me empty,43
DYWTYLM,Verse 1,Take Me Back to Eden,Do you roll with the waves?,1
DYWTYLM,Verse 1,Take Me Back to Eden,Or do you duck into deep blue safety?,2
DYWTYLM,Verse 1,Take Me Back to Eden,Is it always the same?,3
DYWTYLM,Refrain,Take Me Back to Eden,Do you wish that you loved me?,4
DYWTYLM,Verse 2,Take Me Back to Eden,Do you pull at the chains?,5
DYWTYLM,Verse 2,Take Me Back to Eden,Or do you push into constant aching?,6
DYWTYLM,Verse 2,Take Me Back to Eden,Each and every day,7
DYWTYLM,Refrain,Take Me Back to Eden,Do you wish that you loved me?,8
DYWTYLM,Verse 3,Take Me Back to Eden,Is there something you give,9
DYWTYLM,Verse 3,Take Me Back to Eden,That you will never receive in return?,10
DYWTYLM,Verse 3,Take Me Back to Eden,Do you know what it is?,11
DYWTYLM,Refrain,Take Me Back to Eden,Do you wish that you loved me?,12
DYWTYLM,Verse 4,Take Me Back to Eden,Are you trying to live,13
DYWTYLM,Verse 4,Take Me Back to Eden,Like everything is a lesson to learn?,14
DYWTYLM,Verse 4,Take Me Back to Eden,Can you ever forgive? (Yourself),15
DYWTYLM,Refrain,Take Me Back to Eden,Do you wish that you loved me?,16
DYWTYLM,Bridge,Take Me Back to Eden,And my reflection just won't smile back at me likе I know it should,17
DYWTYLM,Bridge,Take Me Back to Eden,And I would turn into a stranger in an instant if I could,18
DYWTYLM,Bridge,Take Me Back to Eden,"And there is somеthing eating me alive, I don’t know what it is",19
DYWTYLM,Bridge,Take Me Back to Eden,"Maybe not that you conceal your feelings, they just don't exist",20
DYWTYLM,Verse 5,Take Me Back to Eden,Do you ever believe,21
DYWTYLM,Verse 5,Take Me Back to Eden,That we can turn into different people?,22
DYWTYLM,Verse 5,Take Me Back to Eden,It's getting harder to be (Myself),23
DYWTYLM,Refrain,Take Me Back to Eden,Do you wish that you loved me?,24
DYWTYLM,Verse 6,Take Me Back to Eden,Can we ever release?,25
DYWTYLM,Verse 6,Take Me Back to Eden,Is it better to just not feel?,26
DYWTYLM,Verse 6,Take Me Back to Eden,Can we hit delete?,27
DYWTYLM,Refrain,Take Me Back to Eden,Do you wish that you loved me?,28
DYWTYLM,Bridge,Take Me Back to Eden,It’s been so long that I'm forgetting what it feels like,29
DYWTYLM,Bridge,Take Me Back to Eden,But I'd rather not remind myself and leave it all behind,30
DYWTYLM,Bridge,Take Me Back to Eden,And I've tried so hard to fix it all but nothing seems to help,31
DYWTYLM,Bridge,Take Me Back to Eden,But I cannot hope to give you what I cannot give myself,32
DYWTYLM,Outro,Take Me Back to Eden,Do you wish that you loved me? (Smile back),33
DYWTYLM,Outro,Take Me Back to Eden,Do you wish that you loved me? (At me),34
DYWTYLM,Outro,Take Me Back to Eden,Do you wish that you loved me? Oh-woah,35
DYWTYLM,Outro,Take Me Back to Eden,Do you wish that you loved me? (Please),36
DYWTYLM,Outro,Take Me Back to Eden,Do you wish that you loved me? (Smile back),37
DYWTYLM,Outro,Take Me Back to Eden,Do you wish that you loved me? (At me),38
DYWTYLM,Outro,Take Me Back to Eden,Do you wish that you loved me? Oh-woah,39
DYWTYLM,Outro,Take Me Back to Eden,Do you wish that you loved me?,40
Rain,Verse 1,Take Me Back to Eden,"For so long, I have waited",1
Rain,Verse 1,Take Me Back to Eden,So long that I almost became,2
Rain,Verse 1,Take Me Back to Eden,"Just a stoic statue, fit for nobody",3
Rain,Verse 1,Take Me Back to Eden,And I don't wanna get in your way,4
Rain,Verse 1,Take Me Back to Eden,But I finally think I can say,5
Rain,Verse 1,Take Me Back to Eden,That the vicious cycle was over,6
Rain,Verse 1,Take Me Back to Eden,The moment you smiled at me,7
Rain,Chorus,Take Me Back to Eden,And just like the rain,8
Rain,Chorus,Take Me Back to Eden,You cast the dust into nothing,9
Rain,Chorus,Take Me Back to Eden,And wash out the salt from my hands,10
Rain,Chorus,Take Me Back to Eden,So touch me again,11
Rain,Chorus,Take Me Back to Eden,I feel my shadow dissolving,12
Rain,Chorus,Take Me Back to Eden,Will you cleanse me with pleasure?,13
Rain,Verse 2,Take Me Back to Eden,It's that chemical cut that I can get down with,14
Rain,Verse 2,Take Me Back to Eden,Up like the moon and out like the hounds,15
Rain,Verse 2,Take Me Back to Eden,A dangerous disposition somehow,16
Rain,Verse 2,Take Me Back to Eden,"Refracted in light, reflected in sound",17
Rain,Verse 2,Take Me Back to Eden,I'm coiled up like the venomous serpent,18
Rain,Verse 2,Take Me Back to Eden,Tangled in your trance and I'm certain,19
Rain,Verse 2,Take Me Back to Eden,You have got your hooks in me,20
Rain,Verse 2,Take Me Back to Eden,"And I know, I know the way that it goes",21
Rain,Verse 2,Take Me Back to Eden,"You get what you give, you reap what you sow",22
Rain,Verse 2,Take Me Back to Eden,And I can see you in my fate,23
Rain,Verse 2,Take Me Back to Eden,"And I know, I know I am what I am",24
Rain,Verse 2,Take Me Back to Eden,"The mouth of the wolf, the eyes of the lamb",25
Rain,Verse 2,Take Me Back to Eden,"So darling, will you saturate?",26
Rain,Chorus,Take Me Back to Eden,And just like the rain,27
Rain,Chorus,Take Me Back to Eden,You cast the dust into nothing,28
Rain,Chorus,Take Me Back to Eden,And wash out the salt from my hands,29
Rain,Chorus,Take Me Back to Eden,So touch me again,30
Rain,Chorus,Take Me Back to Eden,I feel my shadow dissolving,31
Rain,Chorus,Take Me Back to Eden,Will you cleanse me with pleasure?,32
Rain,Bridge,Take Me Back to Eden,Nobody can say for certain,33
Rain,Bridge,Take Me Back to Eden,If maybe it's all just a game,34
Rain,Bridge,Take Me Back to Eden,When I open my eyes to the future,35
Rain,Bridge,Take Me Back to Eden,I can hear you say my name,36
Rain,Outro,Take Me Back to Eden,"So rain down on me, oh, oh-oh-oh",37
Rain,Outro,Take Me Back to Eden,"Rain down on me, oh-oh-oh",38
Rain,Outro,Take Me Back to Eden,"Rain down on me, oh, oh-oh-oh",39
Rain,Outro,Take Me Back to Eden,Rain down on me,40
Rain,Outro,Take Me Back to Eden,"Rain down on me, yeah",41
Rain,Outro,Take Me Back to Eden,"Rain down on me, oh, oh-oh-oh",42
Rain,Outro,Take Me Back to Eden,"Rain down on me, oh-oh-oh",43
Rain,Outro,Take Me Back to Eden,"Rain down on me, oh, oh-oh-oh",44
Rain,Outro,Take Me Back to Eden,Rain down on me,45
Rain,Outro,Take Me Back to Eden,"Rain down on me, yeah",46
Rain,Outro,Take Me Back to Eden,Rain down on me,47
Take Me Back to Eden,Verse 1,Take Me Back to Eden,I dream in phosphorescence,1
Take Me Back to Eden,Verse 1,Take Me Back to Eden,Bleed through spaces,2
Take Me Back to Eden,Verse 1,Take Me Back to Eden,See you drifting past the fog,3
Take Me Back to Eden,Verse 1,Take Me Back to Eden,But no one told you where to go,4
Take Me Back to Eden,Verse 1,Take Me Back to Eden,We dive through crystal waters,5
Take Me Back to Eden,Verse 1,Take Me Back to Eden,Perfect oceans,6
Take Me Back to Eden,Verse 1,Take Me Back to Eden,But no one told me not to breathe,7
Take Me Back to Eden,Verse 1,Take Me Back to Eden,And now the weightlessness recedes,8
Take Me Back to Eden,Chorus,Take Me Back to Eden,"My, my, those eyes like fire",9
Take Me Back to Eden,Chorus,Take Me Back to Eden,"I'm a winged insect, you're a funeral pyre",10
Take Me Back to Eden,Chorus,Take Me Back to Eden,"Come now, bite through these wires",11
Take Me Back to Eden,Chorus,Take Me Back to Eden,I'm a waking hell and thе gods grow tired,12
Take Me Back to Eden,Chorus,Take Me Back to Eden,Reset my patiеnt violence along both lines of a pathway higher,13
Take Me Back to Eden,Chorus,Take Me Back to Eden,"Grow back your sharpest teeth, you know my desire",14
Take Me Back to Eden,Refrain,Take Me Back to Eden,I will travel far beyond the path of reason,15
Take Me Back to Eden,Refrain,Take Me Back to Eden,Take me back to Eden,16
Take Me Back to Eden,Refrain,Take Me Back to Eden,Take me back to Eden,17
Take Me Back to Eden,Refrain,Take Me Back to Eden,Take me back to Eden,18
Take Me Back to Eden,Verse 2,Take Me Back to Eden,"Well, yeah, I spit blood when I wake up",19
Take Me Back to Eden,Verse 2,Take Me Back to Eden,"Sink porcelain stained, choking up brain matter and make-up",20
Take Me Back to Eden,Verse 2,Take Me Back to Eden,Just two days since the mainframe went down and I'm still messed up,21
Take Me Back to Eden,Verse 2,Take Me Back to Eden,Room feels like a meat freezer I dangle in like cold cuts,22
Take Me Back to Eden,Verse 2,Take Me Back to Eden,"Missed calls, answer phones from people I just don't trust",23
Take Me Back to Eden,Verse 2,Take Me Back to Eden,"Mirror talk, fake love",24
Take Me Back to Eden,Verse 2,Take Me Back to Eden,But I'll take a pound of your flesh before you take a piece of my paystub,25
Take Me Back to Eden,Verse 2,Take Me Back to Eden,"White roses, black doves",26
Take Me Back to Eden,Verse 2,Take Me Back to Eden,"Godmother, rise up",27
Take Me Back to Eden,Verse 2,Take Me Back to Eden,I need you to see me for what I have become,28
Take Me Back to Eden,Chorus,Take Me Back to Eden,"My, my, those eyes like fire",29
Take Me Back to Eden,Chorus,Take Me Back to Eden,"I'm a winged insect, you're a funeral pyre",30
Take Me Back to Eden,Chorus,Take Me Back to Eden,"Come now, bite through these wires",31
Take Me Back to Eden,Chorus,Take Me Back to Eden,I'm a waking hell and the gods grow tired,32
Take Me Back to Eden,Chorus,Take Me Back to Eden,Reset my patient violence along both lines of a pathway higher,33
Take Me Back to Eden,Chorus,Take Me Back to Eden,"Grow back your sharpest teeth, you know my desire",34
Take Me Back to Eden,Verse 3,Take Me Back to Eden,"I guess it goes to show, does it not?",35
Take Me Back to Eden,Verse 3,Take Me Back to Eden,That we've no idea what we've got,36
Take Me Back to Eden,Verse 3,Take Me Back to Eden,"Until we lose it (Until we lose it, until we lose it)",37
Take Me Back to Eden,Verse 3,Take Me Back to Eden,And no amount of love will keep it around,38
Take Me Back to Eden,Verse 3,Take Me Back to Eden,If we don't choose it (Choose it),39
Take Me Back to Eden,Verse 3,Take Me Back to Eden,And I don't know what's got its teeth in me,40
Take Me Back to Eden,Verse 3,Take Me Back to Eden,But I'm about to bite back in anger,41
Take Me Back to Eden,Verse 3,Take Me Back to Eden,No amount of self-sought fury,42
Take Me Back to Eden,Verse 3,Take Me Back to Eden,Will bring back the glory of innocence,43
Take Me Back to Eden,Chorus,Take Me Back to Eden,"My, my, those eyes like fire",44
Take Me Back to Eden,Chorus,Take Me Back to Eden,"I'm a winged insect, you're a funeral pyre",45
Take Me Back to Eden,Chorus,Take Me Back to Eden,"Come now, bite through these wires",46
Take Me Back to Eden,Chorus,Take Me Back to Eden,I'm a waking hell and the gods grow tired,47
Take Me Back to Eden,Chorus,Take Me Back to Eden,Reset my patient violence along both lines of a pathway higher,48
Take Me Back to Eden,Chorus,Take Me Back to Eden,"Grow back your sharpest teeth, you know my desire",49
Take Me Back to Eden,Post-Chorus,Take Me Back to Eden,"When we were made, I know",50
Take Me Back to Eden,Post-Chorus,Take Me Back to Eden,It was no accident,51
Take Me Back to Eden,Post-Chorus,Take Me Back to Eden,You know my desire,52
Take Me Back to Eden,Post-Chorus,Take Me Back to Eden,We were tangled up like branches in a flood,53
Take Me Back to Eden,Refrain,Take Me Back to Eden,I have traveled far beyond the path of reason,54
Take Me Back to Eden,Refrain,Take Me Back to Eden,Take me back to Eden,55
Take Me Back to Eden,Refrain,Take Me Back to Eden,Take me back to Eden,56
Euclid,Verse 1,Take Me Back to Eden,"Just run it back, give me five whole minutes, I am",1
Euclid,Verse 1,Take Me Back to Eden,Thick tar on the inside burning,2
Euclid,Verse 1,Take Me Back to Eden,I've got a ghost in the hallway grinning and a,3
Euclid,Verse 1,Take Me Back to Eden,Heavy head that won't stop turning,4
Euclid,Verse 1,Take Me Back to Eden,"If my fate is a bad collision, and if",5
Euclid,Verse 1,Take Me Back to Eden,My mind is an open highway,6
Euclid,Verse 1,Take Me Back to Eden,Give me the twilight two-way vision,7
Euclid,Verse 1,Take Me Back to Eden,Give me one last ride on a sunset sky lane,8
Euclid,Refrain,Take Me Back to Eden,Call me when you get the chance,9
Euclid,Refrain,Take Me Back to Eden,I can feel the walls around me closing in,10
Euclid,Verse 2,Take Me Back to Eden,"Just running forwards, a life like wires as I",11
Euclid,Verse 2,Take Me Back to Eden,See the past on an empty ceiling,12
Euclid,Verse 2,Take Me Back to Eden,I play along with the life signs anyway but,13
Euclid,Verse 2,Take Me Back to Eden,Hope to God you don't know this feeling,14
Euclid,Verse 2,Take Me Back to Eden,Yet in reverse you are all my symmetry,15
Euclid,Verse 2,Take Me Back to Eden,A parallel I would lay my life on,16
Euclid,Verse 2,Take Me Back to Eden,So if your wings won't find you heaven,17
Euclid,Verse 2,Take Me Back to Eden,I will bring it down like an ancient bygone,18
Euclid,Refrain,Take Me Back to Eden,Call me when you have the time,19
Euclid,Refrain,Take Me Back to Eden,I just need to leave this part of me behind,20
Euclid,Verse 3,Take Me Back to Eden,Do you remember me,21
Euclid,Verse 3,Take Me Back to Eden,When the rain gathers?,22
Euclid,Verse 3,Take Me Back to Eden,And do you still believe,23
Euclid,Verse 3,Take Me Back to Eden,That nothing else matters?,24
Euclid,Verse 3,Take Me Back to Eden,For me,25
Euclid,Verse 3,Take Me Back to Eden,It's still the autumn leaves,26
Euclid,Verse 3,Take Me Back to Eden,These ancient canopies,27
Euclid,Verse 3,Take Me Back to Eden,That we used to lay beneath,28
Euclid,Verse 3,Take Me Back to Eden,"No, by now",29
Euclid,Verse 3,Take Me Back to Eden,The night belongs to you,30
Euclid,Verse 3,Take Me Back to Eden,This bough has broken through,31
Euclid,Verse 3,Take Me Back to Eden,I must be someone new,32
Euclid,Bridge,Take Me Back to Eden,"No, for me (Just run it back, give me five whole minutes, I am)",33
Euclid,Bridge,Take Me Back to Eden,(Thick tar on the inside burning) It's still the autumn leaves,34
Euclid,Bridge,Take Me Back to Eden,(I've got a ghost in the hallway grinning and a),35
Euclid,Bridge,Take Me Back to Eden,(Heavy head that won't stop turning) These ancient canopies,36
Euclid,Bridge,Take Me Back to Eden,(If my fate is a bad collision and),37
Euclid,Bridge,Take Me Back to Eden,(If my mind is an open highway) We used to lay beneath,38
Euclid,Bridge,Take Me Back to Eden,(Give me the twilight two-way vision),39
Euclid,Bridge,Take Me Back to Eden,"(Give me one last ride on a sunset sky lane) No, by now",40
Euclid,Bridge,Take Me Back to Eden,"(Just running forwards, a life like wires as I)",41
Euclid,Bridge,Take Me Back to Eden,(See the past on an empty ceiling) The night belongs to you,42
Euclid,Bridge,Take Me Back to Eden,(I play along with the life signs anyway but),43
Euclid,Bridge,Take Me Back to Eden,(Hope to God you don't know this feeling) This bough has broken through,44
Euclid,Bridge,Take Me Back to Eden,(Yet in reverse you are all my symmetry),45
Euclid,Bridge,Take Me Back to Eden,(A parallel I would lay my life on) I must be someone new,46
Euclid,Bridge,Take Me Back to Eden,(So if your wings won't find you heaven),47
Euclid,Bridge,Take Me Back to Eden,(I will bring it down like an ancient bygone),48
Euclid,Outro,Take Me Back to Eden,The whites of your eyes,49
Euclid,Outro,Take Me Back to Eden,Turn black in the lowlight,50
Euclid,Outro,Take Me Back to Eden,In turning divine,51
Euclid,Outro,Take Me Back to Eden,We tangle endlessly,52
Euclid,Outro,Take Me Back to Eden,Like lovers entwined,53
Euclid,Outro,Take Me Back to Eden,I know for the last time,54
Euclid,Outro,Take Me Back to Eden,You will not be mine,55
Euclid,Outro,Take Me Back to Eden,"So give me the night, the night, the night",56
